Rk,Player,Pos,Age,Tm,G,GS,MP,FG,FGA,FG%,3P,3PA,3P%,2P,2PA,2P%,eFG%,FT,FTA,FT%,ORB,DRB,TRB,AST,STL,BLK,TOV,PF,PTS,SALARY
192,Aaron Gordon,PF,26,DEN,48,48,31.8,5.6,10.9,0.516,1.1,3.5,0.329,4.5,7.4,0.605,0.569,2.2,3,0.733,1.7,3.9,5.6,2.6,0.7,0.6,1.8,1.9,14.6,16409091
227,Aaron Henry,SF,22,PHI,6,0,2.8,0.2,0.8,0.2,0,0.2,0,0.2,0.7,0.25,0.2,0,0,,0,0.2,0.2,0,0,0.3,0.3,0.3,0.3,NA
238,Aaron Holiday,PG,25,WAS,40,13,15.9,2.4,5.1,0.466,0.6,1.6,0.349,1.8,3.5,0.518,0.52,0.6,0.8,0.806,0.2,1.4,1.6,1.9,0.5,0.2,0.9,1.5,5.9,3980551
398,Aaron Nesmith,SF,22,BOS,38,1,10.1,1.2,3.2,0.358,0.4,2.1,0.215,0.7,1.2,0.614,0.427,0.3,0.4,0.813,0.2,1.4,1.6,0.3,0.3,0.1,0.6,1.2,3.1,3631200
395,Abdel Nader,SF,28,PHO,14,0,10.4,0.9,2.5,0.343,0.3,1,0.286,0.6,1.5,0.381,0.4,0.4,0.7,0.6,0.3,1.6,1.9,0.5,0.6,0.3,0.8,1.4,2.4,2000000
390,Ade Murkey,SG,24,SAC,1,0,1,0,0,,0,0,,0,0,,,0,0,,0,0,0,0,0,0,0,0,0,NA
97,Ahmad Caver,PG,25,IND,1,0,1,1,1,1,0,0,,1,1,1,1,0,0,,0,0,0,0,0,0,0,0,2,NA
244,Al Horford,C,35,BOS,46,46,28.5,3.8,8.7,0.436,1.2,4,0.295,2.6,4.7,0.556,0.504,1.3,1.6,0.836,1.6,5.9,7.5,3.3,0.6,1.3,1,1.9,10.1,27000000
84,Alec Burks,SG,30,NYK,52,20,26.7,3.3,8.6,0.382,1.8,4.6,0.397,1.5,4.1,0.365,0.487,2.7,3.3,0.83,0.6,3.7,4.3,2.6,1.1,0.3,1,2.3,11.1,9536000
168,Aleem Ford,SF,24,ORL,5,0,14.8,1.2,4,0.3,0.4,3,0.133,0.8,1,0.8,0.35,0,0,,0.4,2.6,3,0.4,0.2,0,0.8,1.4,2.8,NA
439,Aleksej Pokusevski,PF,20,OKC,37,2,15.4,2,5.5,0.366,0.6,2.5,0.239,1.4,3,0.473,0.421,0.2,0.4,0.5,1,3.2,4.2,1.2,0.5,0.5,1.2,1.2,4.8,3113160
95,Alex Caruso,SG,27,CHI,28,9,27.7,2.8,6.5,0.429,1.1,3.1,0.345,1.7,3.4,0.505,0.511,1.7,2.1,0.814,0.9,3,3.9,3.9,1.9,0.4,1.4,2.4,8.4,8604651
321,Alex Len,C,28,SAC,32,9,16.8,2.5,4.8,0.526,0.2,0.6,0.316,2.3,4.2,0.556,0.546,1.1,1.8,0.643,1.5,3.2,4.7,1.3,0.3,0.8,1.2,2.8,6.3,3731707
362,Alfonzo McKinnie,SF,29,CHI,16,3,12.8,1.5,3.8,0.393,0.6,1.7,0.333,0.9,2.1,0.441,0.467,0.1,0.4,0.167,0.8,1.2,2,0.3,0.1,0.2,0.4,1.6,3.6,1090007
272,Alize Johnson,PF,25,TOT,19,0,7.3,0.7,1.5,0.483,0,0.2,0,0.7,1.3,0.56,0.483,0.2,0.4,0.5,1.1,1.4,2.5,0.4,0.2,0,0.6,0.8,1.7,705598
272,Alize Johnson,PF,25,CHI,16,0,7.6,0.8,1.4,0.522,0,0.1,0,0.8,1.3,0.571,0.522,0.3,0.4,0.571,1,1.3,2.3,0.5,0.2,0,0.5,0.9,1.8,705598
272,Alize Johnson,PF,25,WAS,3,0,6,0.7,2,0.333,0,0.7,0,0.7,1.3,0.5,0.333,0,0.3,0,1.7,2.3,4,0,0,0,1,0,1.3,705598
107,Amir Coffey,SG,24,LAC,42,20,22,2.8,6,0.458,1.4,3.6,0.391,1.4,2.4,0.559,0.575,1.5,1.7,0.887,0.5,2.6,3.1,1.6,0.5,0.2,0.5,1.3,8.4,NA
148,Andre Drummond,C,28,PHI,48,12,18.5,2.6,4.9,0.538,0,0,0,2.6,4.8,0.543,0.538,0.9,1.7,0.512,2.8,6.1,8.9,1.9,1.1,0.9,1.6,2.5,6.1,2401537
256,Andre Iguodala,SF,38,GSW,25,0,20.5,1.6,4,0.386,0.5,2.4,0.217,1,1.6,0.634,0.45,0.5,0.6,0.813,0.8,2.6,3.4,3.9,0.8,0.8,0.9,1,4.2,2641691
125,Anthony Davis,C,28,LAL,33,33,35.4,9.5,17.9,0.529,0.3,1.9,0.175,9.2,16,0.571,0.538,4.4,6.1,0.726,2.9,7.2,10.2,2.8,1.3,2.2,2.2,2.6,23.7,35361360
153,Anthony Edwards,SG,20,MIN,47,47,35,8,18.1,0.441,3.2,8.8,0.36,4.8,9.3,0.517,0.528,3.1,3.8,0.811,0.9,4,4.9,3.6,1.6,0.7,2.9,2.3,22.2,10245480
187,Anthony Gill,PF,29,WAS,20,0,5.9,0.9,1.4,0.667,0.3,0.4,0.714,0.7,1,0.65,0.759,0.6,0.7,0.857,0.4,0.9,1.3,0.4,0.1,0.2,0.3,1,2.7,1517981
313,Anthony Lamb,SF,24,SAS,2,0,4,0,1,0,0,1,0,0,0,,0,0,0,,0,0.5,0.5,1,0,0,0,0,0,NA
69,Armoni Brooks,SG,23,HOU,40,8,17.1,2.2,6.2,0.349,1.6,5.3,0.303,0.6,1,0.605,0.478,0.4,0.5,0.842,0.3,1.7,2,1.2,0.5,0.2,0.6,1.5,6.4,1489065
310,Arnoldas Kulboka,SF,24,CHO,1,0,3,0,0,,0,0,,0,0,,,0,0,,0,0,0,0,0,0,0,0,0,NA
62,Avery Bradley,SG,31,LAL,46,40,23.7,2.6,6.2,0.414,1.4,3.6,0.38,1.2,2.6,0.462,0.525,0.3,0.3,0.857,0.5,1.8,2.3,0.8,1,0.2,0.6,2,6.8,2641691
141,Ayo Dosunmu,SG,22,CHI,49,15,24.6,3.1,5.9,0.526,0.9,2.2,0.425,2.2,3.8,0.584,0.603,0.8,1.1,0.661,0.3,2.3,2.6,2.8,0.6,0.4,1.2,2.1,7.9,925258
273,B.J. Johnson,SF,26,ORL,4,0,16.3,2.8,6.3,0.44,1,2.5,0.4,1.8,3.8,0.467,0.52,0,0,,1.5,2.3,3.8,0,0,0.3,0,1,6.5,NA
3,Bam Adebayo,C,24,MIA,29,29,33.1,6.8,13.3,0.514,0,0.1,0,6.8,13.2,0.518,0.514,4.6,5.9,0.767,2.7,7.3,10.1,3.5,1.6,0.7,3,3.2,18.2,28103550
365,Ben McLemore,SG,28,POR,37,4,17.7,2.9,7.4,0.397,2.3,5.9,0.388,0.6,1.4,0.434,0.553,0.7,0.9,0.781,0.2,1.2,1.5,0.8,0.3,0.1,0.6,1.5,8.8,2389641
49,Bismack Biyombo,C,29,PHO,14,3,20.6,3.9,6.3,0.614,0,0,,3.9,6.3,0.614,0.614,1.9,3.4,0.553,3.1,4.3,7.4,1,0.6,1,0.9,2.2,9.6,1366392
204,Blake Griffin,PF,32,BRK,42,21,18.7,2.5,6.1,0.412,0.7,2.8,0.237,1.9,3.3,0.561,0.467,1,1.4,0.733,1.1,3.3,4.4,2.1,0.5,0.3,0.5,1.9,6.8,32405817
340,Boban Marjanovi?,C,33,DAL,17,0,5.8,2.1,3.4,0.632,0.1,0.2,0.333,2.1,3.2,0.648,0.64,0.5,0.9,0.5,0.4,1.4,1.8,0.1,0,0.1,0.6,1.2,4.8,NA
445,Bobby Portis,C,26,MIL,46,41,28.7,6,12.3,0.488,1.9,4.6,0.422,4.1,7.7,0.528,0.567,1.5,1.9,0.77,2.6,6.5,9.1,1.3,0.7,0.8,1.5,2.6,15.4,4347600
53,Bogdan Bogdanovi?,SG,29,ATL,35,26,28.7,4.5,10.9,0.416,2.3,6.5,0.36,2.2,4.4,0.5,0.524,1,1.3,0.8,0.3,3.5,3.8,2.9,0.9,0.2,1.1,2,12.5,NA
54,Bojan Bogdanovi?,PF,32,UTA,51,51,31,6.1,13.3,0.46,2.4,6.4,0.383,3.7,6.9,0.531,0.552,3.2,3.7,0.862,0.8,3.5,4.3,1.8,0.5,0,1.7,1.7,17.9,NA
55,Bol Bol,PF,22,DEN,13,0,6.2,1.2,2.1,0.556,0.1,0.3,0.25,1.1,1.8,0.609,0.574,0.2,0.2,0.667,0.3,1.2,1.5,0.4,0.1,0.2,0.3,0.3,2.5,2161152
254,Bones Hyland,PG,21,DEN,41,0,17.5,2.8,7.8,0.361,1.6,4.8,0.34,1.2,3,0.395,0.466,1,1.1,0.894,0.2,2.4,2.6,1.9,0.5,0.3,1.2,2.1,8.3,2096880
40,Bradley Beal,SG,28,WAS,40,40,36,8.7,19.3,0.451,1.6,5.3,0.3,7.1,14,0.508,0.492,4.2,5.1,0.833,1,3.8,4.7,6.6,0.9,0.4,3.4,2.4,23.2,34502130
59,Brandon Boston Jr.,SG,20,LAC,38,0,15.6,2.4,6.6,0.364,0.7,2.3,0.295,1.7,4.3,0.401,0.416,1.2,1.4,0.855,0.3,2.1,2.4,0.8,0.5,0.2,0.7,0.9,6.7,925258
104,Brandon Clarke,PF,25,MEM,40,1,18.6,4.2,6.5,0.65,0.1,0.5,0.222,4.1,6.1,0.682,0.658,1.4,1.9,0.711,2,3.2,5.2,1.4,0.5,1,0.5,1.7,9.9,2726880
190,Brandon Goodwin,PG,26,CLE,14,3,17.8,2.4,6,0.393,0.9,2.3,0.375,1.5,3.7,0.404,0.464,0.5,1,0.5,0.5,2.1,2.6,3.5,1.1,0,1.2,1.6,6.1,NA
258,Brandon Ingram,SF,24,NOP,39,39,34.5,8.3,18.5,0.445,1.6,4.6,0.348,6.7,14,0.477,0.488,4.7,5.7,0.821,0.7,5.2,5.9,5.5,0.7,0.4,2.6,2,22.8,29467800
303,Brandon Knight,PG,30,DAL,3,0,18,3,6.7,0.45,1.3,4.3,0.308,1.7,2.3,0.714,0.55,2.7,2.7,1,0,2.3,2.3,2.7,0.3,0,1.3,1.7,10,0
298,Braxton Key,SF,24,PHI,2,0,3,0.5,1,0.5,0,0.5,0,0.5,0.5,1,0.5,0,0,,0.5,0.5,1,0.5,0.5,0,1,0.5,1,NA
329,Brook Lopez,C,33,MIL,1,1,28,3,9,0.333,2,4,0.5,1,5,0.2,0.444,0,0,,2,3,5,0,1,3,0,3,8,13302325
71,Bruce Brown,SF,25,BRK,44,18,20.3,2.6,5.3,0.481,0.3,0.8,0.297,2.3,4.5,0.515,0.504,0.7,1,0.738,1.3,3,4.3,1.2,1,0.5,0.6,2.4,6.1,4736102
163,Bruno Fernando,C,23,BOS,19,0,2.8,0.3,0.6,0.455,0.1,0.1,1,0.2,0.5,0.4,0.5,0.2,0.3,0.8,0.4,0.4,0.7,0.2,0,0.2,0.3,0.3,0.8,1782621
167,Bryn Forbes,SG,28,TOT,50,1,17.7,3.3,7.8,0.426,1.6,3.9,0.408,1.7,3.9,0.444,0.528,1,1.2,0.897,0.1,1.4,1.5,1.1,0.4,0.1,0.8,1.2,9.3,NA
167,Bryn Forbes,SG,28,SAS,40,1,16.9,3.2,7.4,0.432,1.6,3.8,0.417,1.6,3.6,0.448,0.539,1.1,1.2,0.898,0.1,1.5,1.6,1,0.4,0.1,0.8,1.1,9.1,NA
167,Bryn Forbes,SG,28,DEN,10,0,21,3.9,9.6,0.406,1.7,4.5,0.378,2.2,5.1,0.431,0.495,0.8,0.9,0.889,0.2,0.9,1.1,1.2,0.1,0,0.5,1.9,10.3,NA
231,Buddy Hield,SG,29,SAC,55,6,28.6,4.8,12.6,0.382,3.3,9,0.368,1.5,3.6,0.419,0.514,1.5,1.7,0.87,0.8,3.2,4,1.9,0.9,0.3,1.6,2.1,14.4,22477273
370,C.J. Miles,SG,34,BOS,1,0,2,0,0,,0,0,,0,0,,,0,0,,0,0,0,0,0,0,0,1,0,NA
122,Cade Cunningham,PG,20,DET,41,41,32,6,15,0.397,2,6.2,0.328,3.9,8.8,0.446,0.465,1.8,2.1,0.86,0.9,4.5,5.5,5.2,1.3,0.7,3.5,3,15.8,10050120
343,Caleb Martin,SF,26,MIA,43,10,23,3.6,7.2,0.503,1,2.6,0.366,2.7,4.6,0.581,0.569,1.1,1.6,0.731,1.3,2.7,4,1,1,0.5,0.8,1.6,9.3,NA
274,Cameron Johnson,PF,25,PHO,49,10,26.2,4.2,9,0.466,2.5,5.8,0.437,1.7,3.2,0.519,0.607,1.2,1.4,0.841,0.6,3.7,4.3,1.2,0.9,0.2,0.6,1.7,12.1,4437000
360,Cameron McGriff,SF,24,POR,3,0,15.3,1.7,4.7,0.357,0.7,2,0.333,1,2.7,0.375,0.429,0.7,0.7,1,2,3,5,1,0,0.3,0,2.3,4.7,NA
417,Cameron Oliver,SF,25,ATL,2,0,21.5,5,7.5,0.667,0.5,1.5,0.333,4.5,6,0.75,0.7,1,1.5,0.667,1,2,3,1.5,0.5,0.5,0,2.5,11.5,NA
430,Cameron Payne,PG,27,PHO,40,0,20.4,4,9.8,0.404,1.1,3.4,0.336,2.8,6.4,0.44,0.462,1.4,1.7,0.864,0.4,2.4,2.8,3.6,0.6,0.3,1.8,1.9,10.5,6500000
322,Caris LeVert,SG,27,IND,39,39,31.1,7.1,15.9,0.447,1.6,4.8,0.323,5.6,11.1,0.501,0.496,2.8,3.7,0.76,0.8,3.1,3.8,4.4,0.9,0.5,1.9,2.3,18.7,17500000
284,Carlik Jones,PG,24,TOT,5,0,4.6,0.2,1.8,0.111,0,0.2,0,0.2,1.6,0.125,0.111,0.4,0.4,1,0.2,0.4,0.6,1,0.2,0,0.6,0,0.8,NA
284,Carlik Jones,PG,24,DAL,3,0,6.3,0,2.3,0,0,0.3,0,0,2,0,0,0.7,0.7,1,0.3,0.7,1,1.7,0.3,0,1,0,0.7,NA
284,Carlik Jones,PG,24,DEN,2,0,2,0.5,1,0.5,0,0,,0.5,1,0.5,0.5,0,0,,0,0,0,0,0,0,0,0,1,NA
14,Carmelo Anthony,PF,37,LAL,50,3,26.5,4.6,10.5,0.437,2.3,5.9,0.392,2.3,4.6,0.496,0.548,2,2.4,0.824,0.8,3.3,4.2,1,0.7,0.8,0.9,2.2,13.4,2641691
29,Cat Barber,PG,27,ATL,3,0,4.3,0,1.3,0,0,0,,0,1.3,0,0,0,1.3,0,0.3,0.7,1,1,0,0,0.3,0.3,0,NA
421,Cedi Osman,SF,26,CLE,42,3,23.3,3.9,9.2,0.419,2,5.8,0.354,1.8,3.4,0.528,0.53,1.1,1.8,0.64,0.4,2,2.4,2,0.9,0.2,0.9,2,10.9,8050000
253,Chandler Hutchison,SF,25,PHO,6,0,3.7,0.2,0.3,0.5,0,0,,0.2,0.3,0.5,0.5,0.3,0.3,1,0,0.8,0.8,0.3,0,0,0.7,0.2,0.7,NA
35,Charles Bassey,PF,21,PHI,22,0,7.3,1.3,2,0.651,0,0.2,0,1.3,1.8,0.718,0.651,0.4,0.5,0.727,0.9,1.8,2.7,0.3,0.2,0.8,0.4,1.4,2.9,925258
72,Charlie Brown Jr.,SG,24,TOT,17,2,9.8,0.5,2.1,0.25,0.1,0.7,0.083,0.5,1.4,0.333,0.264,0.4,0.5,0.875,0.8,1,1.8,0.3,0.5,0.2,0.3,1.1,1.5,NA
72,Charlie Brown Jr.,SG,24,DAL,3,0,5,0.3,1.7,0.2,0,1,0,0.3,0.7,0.5,0.2,0,0,,0,0.3,0.3,0.3,0.7,0.3,0,0.7,0.7,NA
72,Charlie Brown Jr.,SG,24,PHI,14,2,10.8,0.6,2.2,0.258,0.1,0.6,0.111,0.5,1.6,0.318,0.274,0.5,0.6,0.875,1,1.1,2.1,0.3,0.5,0.2,0.4,1.1,1.7,NA
73,Chaundee Brown Jr.,SG-SF,23,TOT,5,2,20.8,2,6.4,0.313,1.2,3.6,0.333,0.8,2.8,0.286,0.406,1,1.2,0.833,0.2,3,3.2,0.8,0.4,0,0.2,1.4,6.2,NA
73,Chaundee Brown Jr.,SF,23,LAL,2,0,10.5,0.5,3.5,0.143,0,1.5,0,0.5,2,0.25,0.143,0,0,,0,1,1,0,0,0,0.5,0,1,NA
73,Chaundee Brown Jr.,SG,23,ATL,3,2,27.7,3,8.3,0.36,2,5,0.4,1,3.3,0.3,0.48,1.7,2,0.833,0.3,4.3,4.7,1.3,0.7,0,0,2.3,9.7,NA
134,Cheick Diallo,C,25,DET,3,0,10.3,1,2.7,0.375,0,0,,1,2.7,0.375,0.375,1.7,2,0.833,1.3,2.7,4,0,0.3,0,0.3,2,3.7,NA
368,Chimezie Metu,C,24,SAC,37,19,22.1,3.4,8.1,0.418,1,3.6,0.271,2.4,4.5,0.536,0.478,1,1.4,0.72,0.6,5.3,5.9,1,0.9,0.6,0.9,1.4,8.7,1762796
60,Chris Boucher,PF,29,TOR,49,8,20.2,3.2,7.1,0.46,0.8,2.8,0.283,2.4,4.2,0.577,0.516,1.8,2.3,0.757,2.1,3.8,5.9,0.4,0.7,1.1,0.6,2.1,9.1,7009615
100,Chris Chiozza,PG,26,GSW,26,1,10.7,0.7,2.5,0.292,0.6,1.7,0.372,0.1,0.8,0.136,0.415,0,0,1,0.3,0.8,1.2,1.8,0.3,0,0.8,0.9,2.1,NA
149,Chris Duarte,SG,24,IND,47,35,28.9,5,11.6,0.433,1.7,4.8,0.36,3.3,6.8,0.484,0.507,1.6,2,0.777,0.7,3.5,4.2,2.2,1.1,0.2,1.6,1.7,13.3,3749520
429,Chris Paul,PG,36,PHO,52,52,33.1,5.6,11.5,0.489,1.1,3.2,0.335,4.6,8.3,0.547,0.535,2.6,3.2,0.83,0.3,4.2,4.5,10.4,1.9,0.3,2.3,2.2,14.9,30800000
412,Chuma Okeke,PF,23,ORL,44,10,23.5,2.9,7.7,0.38,1.3,4.5,0.291,1.6,3.1,0.507,0.466,0.8,0.9,0.846,0.6,3.9,4.5,1.5,1.4,0.6,0.8,1.4,7.9,3277080
156,CJ Elleby,SF,21,POR,30,2,12.1,1.4,3.4,0.417,0.5,1.6,0.306,0.9,1.8,0.519,0.49,0.5,0.6,0.833,0.7,1.7,2.4,0.9,0.5,0.1,0.4,1.5,3.9,1517981
354,CJ McCollum,SG,30,POR,36,36,35.2,8.1,18.5,0.436,3.1,8,0.384,5,10.4,0.476,0.52,1.3,1.9,0.706,0.9,3.3,4.3,4.5,1,0.6,1.9,2.1,20.5,30864198
91,Clint Capela,C,27,ATL,45,44,28.3,4.9,8.5,0.578,0,0,0,4.9,8.5,0.58,0.578,1.1,2.4,0.464,3.8,8.3,12.2,1.4,0.7,1.4,0.6,2.3,11,17103448
344,Cody Martin,SF,26,CHO,49,11,27.2,2.9,6.5,0.454,1,2.4,0.41,2,4.1,0.48,0.53,1.1,1.7,0.671,1.2,3,4.2,2.6,1.3,0.5,0.9,1.7,8,1782621
15,Cole Anthony,PG,21,ORL,41,41,33.2,6,15.4,0.389,2.1,6.7,0.322,3.8,8.7,0.44,0.459,3.6,4.2,0.85,0.7,5.2,5.9,6,0.9,0.3,2.8,2.6,17.7,3449400
301,Corey Kispert,SF,22,WAS,47,7,18.4,2.1,5,0.426,0.9,2.9,0.324,1.2,2.1,0.566,0.519,0.7,0.9,0.875,0.6,1.8,2.4,0.9,0.3,0.3,0.4,0.9,5.9,3383640
294,Cory Joseph,PG,30,DET,42,16,23.9,2.9,6.4,0.461,1,2.4,0.431,1.9,3.9,0.479,0.543,1.6,1.9,0.848,0.4,2,2.4,3.9,0.7,0.3,1.4,2,8.5,7000000
18,D.J. Augustin,PG,34,HOU,34,2,15,1.6,4,0.404,1.1,2.8,0.406,0.5,1.2,0.4,0.548,1,1.1,0.868,0.2,1,1.2,2.2,0.3,0,1.3,0.5,5.4,7000000
402,Daishen Nix,SG,19,HOU,8,0,8.4,1.6,2.5,0.65,0.4,0.9,0.429,1.3,1.6,0.769,0.725,0.1,0.4,0.333,0.1,1.1,1.3,1.3,0.9,0,1.1,0.4,3.8,NA
348,Dakota Mathias,SG,26,MEM,6,0,2.7,0.3,1,0.333,0.3,1,0.333,0,0,,0.5,0,0,,0,0.3,0.3,0.2,0.2,0,0,0.2,1,NA
28,Dalano Banton,SF,22,TOR,41,1,11.8,1.4,3.6,0.404,0.3,0.9,0.297,1.2,2.7,0.44,0.442,0.4,0.6,0.692,0.7,1.5,2.2,1.7,0.5,0.2,1,1.2,3.6,925258
285,Damian Jones,C,26,SAC,35,4,15.2,2.3,3.7,0.623,0.1,0.4,0.357,2.2,3.3,0.655,0.642,1.4,1.9,0.727,1.5,2.5,4,1.1,0.3,0.6,1,2.1,6.1,1977011
325,Damian Lillard,PG,31,POR,29,29,36.4,7.7,19,0.402,3.2,9.8,0.324,4.5,9.2,0.485,0.486,5.5,6.2,0.878,0.4,3.7,4.1,7.3,0.6,0.4,2.9,1.3,24,39344900
319,Damion Lee,SG,29,GSW,42,3,20.5,3,6.5,0.462,1.2,3.2,0.375,1.8,3.3,0.547,0.555,0.9,1.1,0.867,0.4,2.7,3.1,0.9,0.6,0.1,0.7,1.4,8.1,1910860
142,Damyean Dotson,SG,27,NYK,2,0,10.5,1,2,0.5,0,0.5,0,1,1.5,0.667,0.5,0,0,,0,1,1,0.5,0,0,0,0,2,NA
175,Daniel Gafford,C,23,WAS,48,46,20.6,3.8,5.6,0.678,0,0,,3.8,5.6,0.678,0.678,1.4,1.8,0.756,2.3,3.8,6,1,0.4,1.5,0.9,2.4,8.9,1782621
422,Daniel Oturu,C,22,TOR,3,0,9,1,2,0.5,0,0.3,0,1,1.7,0.6,0.5,1,1.7,0.6,0.3,1.3,1.7,0,0,0.7,0,0.3,3,NA
176,Danilo Gallinari,PF,33,ATL,42,1,23.2,3.3,7.8,0.418,1.6,4.1,0.387,1.7,3.7,0.452,0.52,2.1,2.3,0.918,0.5,3.9,4.4,1.4,0.4,0.2,0.6,1.5,10.3,20475000
197,Danny Green,SF,34,PHI,35,23,23.5,2.4,5.7,0.415,1.9,4.8,0.389,0.5,0.9,0.545,0.578,0.3,0.3,0.9,0.5,2.1,2.6,1,1.1,0.8,0.9,1.8,6.9,10000000
246,Danuel House Jr.,SF,28,TOT,24,2,15.5,1.8,4.8,0.386,0.8,2.5,0.339,1,2.3,0.436,0.474,1.1,1.4,0.818,0.3,2.2,2.5,1.3,0.4,0.3,0.9,1,5.6,1498955
246,Danuel House Jr.,SF,28,HOU,16,1,14.6,1.6,4.6,0.338,0.6,2.1,0.294,0.9,2.5,0.375,0.405,1.1,1.2,0.895,0.3,2.4,2.7,1.2,0.3,0.3,1.1,1,4.8,1498955
246,Danuel House Jr.,SF,28,NYK,1,0,3,0,1,0,0,1,0,0,0,,0,0,0,,0,0,0,0,0,0,0,0,0,1498955
246,Danuel House Jr.,SF,28,UTA,7,1,19.3,2.7,5.6,0.487,1.4,3.4,0.417,1.3,2.1,0.6,0.615,1.4,2,0.714,0.6,2,2.6,1.6,0.7,0.4,0.6,1.3,8.3,1498955
269,DaQuan Jeffries,SG,24,MEM,3,0,3,0.3,0.7,0.5,0,0.3,0,0.3,0.3,1,0.5,0,0,,0,0.7,0.7,0.3,0,0,0,0.3,0.7,NA
39,Darius Bazley,PF,21,OKC,47,31,26.5,3.4,8.5,0.396,1,3.5,0.285,2.4,5,0.474,0.455,1.5,2.1,0.693,1.1,5.3,6.4,1.2,0.8,1.2,1.3,1,9.2,2513040
178,Darius Garland,PG,22,CLE,44,44,34.7,7.5,16,0.467,2.5,6.8,0.369,5,9.2,0.541,0.546,2.2,2.5,0.907,0.5,2.8,3.3,8.2,1.2,0.1,3.6,1.7,19.8,7040880
110,Darren Collison,PG,34,LAL,3,0,12.3,0.7,2.3,0.286,0,1,0,0.7,1.3,0.5,0.286,0,0,,0,1.3,1.3,0.7,0.3,0,0.3,1.7,1.3,NA
150,David Duke Jr.,PG,22,BRK,14,7,17.4,2.1,5.6,0.372,0.5,1.8,0.28,1.6,3.8,0.415,0.417,1,1.2,0.824,1.9,2.1,4.1,0.9,0.5,0.4,0.6,2,5.6,NA
275,David Johnson,SG,20,TOR,2,0,1,0,0.5,0,0,0.5,0,0,0,,0,0,0,,0,0,0,0,0,0,0,0,0,NA
408,David Nwaba,SF,29,HOU,34,4,14,2,4.1,0.475,0.3,1,0.286,1.7,3.1,0.538,0.511,1,1.4,0.714,0.9,3,3.8,0.8,0.6,0.5,0.5,1.2,5.3,4650000
374,Davion Mitchell,PG,23,SAC,49,7,25.8,4.2,10.4,0.407,1.3,4.2,0.316,2.9,6.2,0.469,0.471,0.5,0.8,0.561,0.5,1.7,2.2,3.4,0.7,0.3,1.1,1.9,10.3,4603320
44,D?vis Bert?ns,PF,29,WAS,33,0,15,1.8,5.1,0.349,1.4,4.3,0.322,0.4,0.8,0.5,0.485,0.8,0.9,0.933,0.2,1.7,1.8,0.5,0.3,0.2,0.4,1.7,5.8,NA
171,De'Aaron Fox,PG,24,SAC,43,43,34.1,7.9,17.2,0.458,0.9,3.7,0.248,7,13.5,0.515,0.484,4.4,5.9,0.744,0.5,3.3,3.8,5.2,1.2,0.4,2.8,2.8,21,28103550
21,Deandre Ayton,C,23,PHO,31,31,29.5,7.1,11.2,0.635,0.1,0.3,0.25,7.1,11,0.644,0.638,2,2.8,0.724,2.8,7.8,10.5,1.6,0.8,0.7,1.7,2.2,16.4,12632950
43,DeAndre' Bembry,SF,27,BRK,47,19,19.8,2.5,4.3,0.587,0.3,0.7,0.455,2.2,3.6,0.613,0.624,0.4,0.7,0.6,0.8,2.4,3.2,1.3,1,0.5,0.6,2.1,5.8,1939350
252,De'Andre Hunter,SF,24,ATL,25,24,28.9,4.9,10.7,0.457,1.4,3.5,0.409,3.4,7.2,0.48,0.524,2,2.9,0.699,0.4,3,3.4,1.2,0.6,0.4,1.4,2.9,13.2,7775400
293,DeAndre Jordan,C,33,LAL,31,19,12.9,1.9,2.8,0.67,0,0,,1.9,2.8,0.67,0.67,0.4,0.8,0.48,1.6,3.9,5.5,0.4,0.3,0.8,0.6,1.6,4.2,10517224
366,De'Anthony Melton,SG,23,MEM,46,13,22.8,3.6,9.3,0.388,1.6,4.8,0.336,2,4.6,0.443,0.474,1,1.5,0.696,1,3.5,4.6,2.7,1.6,0.5,1.4,1.8,9.9,8437500
268,DeJon Jarreau,SG,24,IND,1,0,1,0,0,,0,0,,0,0,,,0,0,,0,0,0,0,0,0,0,0,0,NA
392,Dejounte Murray,PG,25,SAS,47,47,34.4,8.1,17.9,0.454,1.3,4.2,0.316,6.8,13.7,0.496,0.491,2,2.7,0.74,1.3,7.1,8.4,9.2,2.1,0.4,2.5,2.1,19.6,15428571
132,DeMar DeRozan,PF,32,CHI,49,49,35.4,9.8,19.4,0.504,0.6,1.9,0.33,9.2,17.6,0.522,0.519,6.8,7.9,0.865,0.9,4.4,5.2,5.1,0.9,0.3,2.3,2.2,27,26000000
116,DeMarcus Cousins,C,31,TOT,22,5,16,2.9,7,0.418,0.7,2.8,0.262,2.2,4.2,0.522,0.471,1.8,2.4,0.769,1.5,4.5,6,1,0.9,0.4,1.3,2.8,8.4,759106
116,DeMarcus Cousins,C,31,MIL,17,5,16.9,3.2,6.9,0.466,0.8,2.8,0.271,2.5,4.1,0.6,0.521,1.8,2.2,0.816,1.4,4.4,5.8,1.1,0.9,0.5,0.9,2.7,9.1,759106
116,DeMarcus Cousins,C,31,DEN,5,0,13.2,1.8,7,0.257,0.6,2.6,0.231,1.2,4.4,0.273,0.3,1.8,2.8,0.643,2,5,7,1,0.8,0.2,2.6,3,6,759106
19,Deni Avdija,SF,21,WAS,52,6,22.7,2.7,6.2,0.444,0.8,2.7,0.303,1.9,3.4,0.556,0.511,1,1.4,0.74,0.7,4.2,4.8,1.6,0.7,0.6,0.8,2.3,7.3,4692840
162,Derrick Favors,C,30,OKC,33,14,16.2,2.3,4.7,0.494,0.1,0.4,0.154,2.3,4.3,0.524,0.5,0.4,0.6,0.6,1.4,3.3,4.7,0.7,0.4,0.2,0.2,1.6,5.1,9720900
286,Derrick Jones Jr.,PF,24,CHI,31,8,17.2,2.3,3.9,0.582,0.5,1.2,0.405,1.8,2.7,0.659,0.643,1.3,1.5,0.848,1.2,2.2,3.4,0.5,0.5,0.7,0.5,2.3,6.3,9720900
27,Desmond Bane,SF,23,MEM,51,51,30.2,6.7,14.5,0.462,2.9,6.9,0.414,3.8,7.6,0.505,0.56,1.5,1.7,0.895,0.5,3.9,4.5,2.4,1.1,0.5,1.5,2.4,17.8,2033160
58,Devin Booker,SG,25,PHO,45,45,33.8,9.2,20.7,0.445,2.6,7,0.369,6.6,13.6,0.485,0.508,4.2,4.9,0.855,0.8,4.6,5.4,4.3,1,0.3,2.5,2.5,25.2,31610000
143,Devon Dotson,PG,22,CHI,11,0,7.7,1,2.1,0.478,0.2,0.8,0.222,0.8,1.3,0.643,0.522,0.5,0.8,0.556,0.1,0.7,0.8,1.4,0.1,0,0.5,1,2.6,NA
87,Devontae Cacok,PF,25,SAS,8,0,8.4,2,2.9,0.696,0,0,,2,2.9,0.696,0.696,0.5,0.9,0.571,0.6,2.8,3.4,0.3,0.5,0.9,0.1,1,4.5,NA
194,Devonte' Graham,PG,26,NOP,49,49,31.3,4.5,12.3,0.364,2.9,8.3,0.348,1.6,4,0.396,0.481,1.8,2.1,0.845,0.4,2.1,2.5,4.5,0.9,0.2,1.6,1.4,13.7,11000000
129,Dewayne Dedmon,C,32,MIA,47,15,16.5,2.6,4.4,0.58,0.3,0.5,0.52,2.3,3.9,0.588,0.611,1,1.3,0.79,1.8,4.4,6.2,0.8,0.4,0.5,1.1,2.4,6.4,5256308
331,Didi Louzada,SF,22,NOP,2,0,3.5,0,1.5,0,0,1.5,0,0,0,,0,0,0,,1,0,1,0.5,0,0,0,0,0,1786878
70,Dillon Brooks,SF,26,MEM,21,20,28,6.9,16.2,0.426,1.6,4.8,0.327,5.3,11.4,0.469,0.475,3,3.4,0.889,0.8,2.5,3.3,2.7,1.3,0.2,1.8,3.3,18.4,12200000
375,Donovan Mitchell,SG,25,UTA,41,41,33.2,9.3,20.4,0.455,3.3,9.4,0.348,6,11,0.545,0.535,3.7,4.2,0.879,0.8,3.1,3.9,5.2,1.6,0.2,3,2.5,25.5,28103550
138,Donte DiVincenzo,SG,25,MIL,16,0,20.1,2.3,6.9,0.324,1.3,4.4,0.286,1,2.6,0.39,0.414,1.4,1.6,0.88,1,2.6,3.6,1.6,0.6,0.2,1.6,1.6,7.1,4675830
164,Dorian Finney-Smith,PF,28,DAL,53,53,32.5,3.7,8.6,0.432,1.9,5.2,0.36,1.8,3.4,0.542,0.541,0.8,1.2,0.683,1.6,3.2,4.8,1.9,1.2,0.5,1,2.2,10.1,4000000
358,Doug McDermott,PF,30,SAS,38,38,24.3,4.5,9.5,0.472,2.3,5.3,0.435,2.2,4.2,0.519,0.593,0.5,0.7,0.704,0.4,2,2.4,1.3,0.3,0.1,0.8,1.7,11.7,13750000
198,Draymond Green,PF,31,GSW,34,34,29.9,3.2,5.9,0.537,0.4,1.2,0.286,2.8,4.7,0.604,0.567,1.2,2,0.597,1.1,6.4,7.6,7.4,1.4,1.2,3.1,2.8,7.9,24026712
160,Drew Eubanks,C,24,SAS,48,9,12.4,1.8,3.3,0.528,0,0.2,0.125,1.7,3.1,0.55,0.531,1.2,1.6,0.747,1.3,2.7,4,1,0.3,0.6,1,1.3,4.8,1762796
247,Dwight Howard,C,36,LAL,41,11,14.5,1.9,3,0.621,0.1,0.2,0.667,1.7,2.8,0.617,0.645,1.3,2.1,0.612,1.9,3.5,5.4,0.5,0.7,0.6,0.8,2,5.2,2641691
448,Dwight Powell,C,30,DAL,54,43,20.3,2.7,4.3,0.643,0.2,0.6,0.387,2.5,3.7,0.683,0.67,1.6,2.1,0.75,1.9,2.4,4.4,1.1,0.5,0.4,0.8,2.5,7.3,11000000
126,Ed Davis,C,32,CLE,17,3,8.1,0.5,0.8,0.643,0,0,,0.5,0.8,0.643,0.643,0.2,0.5,0.375,0.4,2.1,2.5,0.2,0.2,0.4,0.3,1.5,1.2,2641691
431,Elfrid Payton,PG,27,PHO,32,0,11.4,1.3,3.6,0.368,0.1,0.4,0.167,1.3,3.2,0.392,0.377,0.3,0.6,0.4,0.5,1.5,1.9,1.9,0.5,0.1,1.1,0.8,2.9,2239544
251,Elijah Hughes,SF,23,UTA,14,1,8,1.1,2.6,0.417,0.7,2,0.357,0.4,0.6,0.625,0.556,0.2,0.2,1,0.1,1.1,1.2,0.4,0.3,0.1,0.5,0.5,3.1,1517981
388,Emmanuel Mudiay,PG,25,SAC,2,0,5.5,0,1,0,0,0,,0,1,0,0,1.5,2,0.75,0,0,0,2,0.5,0,0.5,0.5,1.5,NA
173,Enes Freedom,C,29,BOS,34,1,11.7,1.4,2.7,0.527,0,0.1,0.25,1.4,2.6,0.54,0.533,0.7,0.8,0.857,1.7,2.6,4.4,0.2,0.1,0.4,0.6,1.2,3.6,2641691
51,Eric Bledsoe,PG,32,LAC,54,29,25.2,3.6,8.7,0.421,0.9,3,0.313,2.7,5.6,0.479,0.475,1.6,2.2,0.761,0.5,2.9,3.4,4.2,1.3,0.4,2.1,1.6,9.9,18125000
193,Eric Gordon,SG,33,HOU,45,34,29.5,5,10.2,0.491,2.2,5.2,0.427,2.8,5,0.558,0.6,1.9,2.6,0.757,0.3,1.7,2,3,0.5,0.4,2,1,14.2,18218818
428,Eric Paschall,PF,25,UTA,39,1,13.1,1.9,4,0.49,0.8,2,0.39,1.2,2,0.59,0.587,1.1,1.5,0.759,0.6,1.5,2.1,0.6,0.1,0.1,0.6,1,5.8,1782621
419,Eugene Omoruyi,SF,24,DAL,4,0,4.5,0.5,1.3,0.4,0.3,0.5,0.5,0.3,0.8,0.333,0.5,0.5,1,0.5,0.5,1.3,1.8,0.5,0,0,0,0.5,1.8,NA
170,Evan Fournier,SG,29,NYK,51,51,28.9,5.1,12,0.428,2.9,7.2,0.4,2.3,4.8,0.469,0.548,1,1.4,0.704,0.5,2.4,2.9,1.8,0.9,0.2,1.3,2,14.1,18139535
376,Evan Mobley,PF,20,CLE,46,46,34.2,6.1,12.1,0.501,0.4,1.4,0.286,5.7,10.7,0.528,0.517,2.3,3.6,0.659,1.9,6.2,8.1,2.6,0.7,1.7,2,2,14.9,8075160
89,Facundo Campazzo,PG,30,DEN,50,4,20.4,1.9,5.1,0.38,1,3.3,0.313,0.9,1.8,0.5,0.48,1.1,1.3,0.803,0.3,1.6,1.9,3.8,1.1,0.4,1.2,2.1,6,3804150
261,Frank Jackson,PG,23,DET,40,5,22.7,4,9.4,0.423,1.9,5.5,0.335,2.1,3.9,0.548,0.521,1.4,1.8,0.8,0.3,1.3,1.6,0.9,0.5,0.2,0.8,1.8,11.2,3000000
296,Frank Kaminsky,C,28,PHO,9,0,20.1,4,7.3,0.545,0.6,1.7,0.333,3.4,5.7,0.608,0.583,2,2.2,0.9,1.2,3.3,4.6,1.4,0.9,0.8,0.6,1.6,10.6,2089448
406,Frank Ntilikina,PG,23,DAL,43,5,12.8,1.5,4.1,0.377,0.7,2.1,0.348,0.8,1.9,0.41,0.469,0.5,0.6,0.958,0.2,1.2,1.4,1.2,0.5,0.1,0.6,1.1,4.3,1789256
188,Freddie Gillespie,PF,24,ORL,9,2,13.2,1,2.4,0.409,0,0.1,0,1,2.3,0.429,0.409,0.3,0.8,0.429,1.4,2.6,4,0.6,0.3,1,0.6,2,2.3,NA
307,Furkan Korkmaz,SG,24,PHI,46,17,24.3,3.3,8.3,0.392,1.3,4.7,0.288,1.9,3.7,0.524,0.473,1.2,1.4,0.844,0.3,2.7,3,2.3,0.6,0.1,0.8,1,9,4629630
128,Gabriel Deck,PF,26,OKC,7,0,8,1.1,2,0.571,0.3,0.6,0.5,0.9,1.4,0.6,0.643,0,0,,0.1,0.7,0.9,0.7,0.1,0,0.3,0.3,2.6,1690507
347,Garrison Mathews,SG,25,HOU,36,17,27.4,3.3,8,0.417,2.5,6.7,0.379,0.8,1.3,0.604,0.575,2.4,3,0.813,0.4,2.9,3.4,1,0.7,0.4,0.6,2.9,11.6,1093598
103,Gary Clark,PF,27,NOP,21,1,10.6,0.9,2.4,0.38,0.8,1.9,0.4,0.1,0.5,0.3,0.54,0.2,0.3,0.667,0.6,1.7,2.2,0.3,0.3,0.2,0.2,0.6,2.8,377645
216,Gary Harris,SG,27,ORL,47,30,29.4,4.2,9.5,0.442,1.9,4.9,0.382,2.3,4.6,0.505,0.539,1.4,1.6,0.844,0.6,1.6,2.2,1.9,0.9,0.2,1,1.9,11.6,20482143
432,Gary Payton II,PG,29,GSW,50,9,16.7,3,4.9,0.623,0.6,1.7,0.372,2.4,3.2,0.759,0.689,0.5,0.9,0.587,1.1,2.6,3.6,0.8,1.4,0.3,0.5,1.7,7.3,1939350
233,George Hill,SG,35,MIL,41,16,25.5,2.5,5.7,0.436,0.9,2.9,0.316,1.6,2.9,0.556,0.515,1.2,1.2,0.96,0.9,2.4,3.2,2.5,0.8,0.1,0.9,1.4,7,4000000
299,George King,SF,28,DAL,4,0,4.8,0,1.3,0,0,1,0,0,0.3,0,0,0.3,0.5,0.5,0,1.3,1.3,0,0,0,0.3,1,0.3,NA
401,Georges Niang,PF,28,PHI,49,5,23,3.4,7.7,0.438,2,4.9,0.398,1.4,2.8,0.507,0.565,0.8,0.9,0.864,0.3,2.3,2.6,1.5,0.4,0.2,0.9,2.6,9.5,3300000
295,Georgios Kalaitzakis,SF,23,MIL,9,0,5.3,0.6,1.2,0.455,0.2,0.4,0.5,0.3,0.8,0.429,0.545,0.4,1,0.444,0.4,0.4,0.9,0,0.1,0.1,0.4,0.9,1.8,462629
12,Giannis Antetokounmpo,PF,27,MIL,45,45,32.5,9.9,18.4,0.536,1.2,3.9,0.295,8.7,14.5,0.601,0.568,8,11,0.725,1.8,9.4,11.2,5.9,1,1.4,3.4,3.2,28.9,39344970
48,Goga Bitadze,C,22,IND,31,4,10.6,1.7,3.9,0.433,0.2,1.3,0.146,1.5,2.5,0.582,0.458,0.9,1.5,0.644,1.4,1.5,2.9,0.5,0.3,0.6,0.8,1.6,4.5,3098400
147,Goran Dragi?,PG,35,TOR,5,2,18,2.6,6.8,0.382,0.8,2.8,0.286,1.8,4,0.45,0.441,2,2,1,0.4,2.4,2.8,1.8,1,0.2,0.2,1.6,8,NA
226,Gordon Hayward,SF,31,CHO,47,47,32.8,6,12.9,0.461,1.8,4.6,0.389,4.2,8.3,0.5,0.53,2.7,3.2,0.846,0.8,3.9,4.7,3.7,1,0.5,1.7,1.8,16.4,29900000
136,Gorgui Dieng,C,32,ATL,34,3,9.3,1.2,2.6,0.46,0.6,1.4,0.396,0.6,1.1,0.538,0.569,0.5,0.7,0.739,0.8,2.2,3,0.8,0.3,0.4,0.5,1.3,3.4,4000000
7,Grayson Allen,SG,26,MIL,45,44,28.2,4,9.5,0.425,2.6,6.6,0.393,1.5,3,0.496,0.561,1,1.2,0.87,0.6,3,3.5,1.5,0.8,0.3,0.6,1.4,11.7,4054695
74,Greg Brown III,SF,20,POR,23,0,6,1.1,2.3,0.481,0,0.5,0.091,1,1.8,0.585,0.49,0.3,0.8,0.444,0.6,0.9,1.5,0.2,0.2,0.3,0.3,0.8,2.6,925258
378,Greg Monroe,C,31,TOT,7,0,15.9,2.9,5,0.571,0,0,,2.9,5,0.571,0.571,0.4,1,0.429,2.4,3.4,5.9,2,0.6,0.7,1.1,2,6.1,NA
378,Greg Monroe,C,31,MIN,3,0,21,3,4.7,0.643,0,0,,3,4.7,0.643,0.643,0.7,1.7,0.4,1.7,5.3,7,3.7,0.7,1.3,1.3,2.3,6.7,NA
378,Greg Monroe,C,31,WAS,2,0,9,2,4,0.5,0,0,,2,4,0.5,0.5,0,0,,3.5,1.5,5,0.5,0.5,0.5,1,1,4,NA
378,Greg Monroe,C,31,MIL,2,0,15,3.5,6.5,0.538,0,0,,3.5,6.5,0.538,0.538,0.5,1,0.5,2.5,2.5,5,1,0.5,0,1,2.5,7.5,NA
135,Hamidou Diallo,SG,23,DET,46,27,22.3,4.5,9,0.499,0.4,1.6,0.25,4.1,7.4,0.551,0.521,1.5,2.2,0.657,1.3,3.5,4.8,1.2,1.2,0.3,1,2.6,10.8,5200000
30,Harrison Barnes,PF,29,SAC,50,50,33.7,5.2,11.4,0.456,2,5,0.406,3.2,6.4,0.495,0.545,4.4,5.4,0.815,1.1,5,6.1,2.5,0.7,0.2,1.6,1.3,16.8,20284091
196,Hassani Gravett,PG,25,ORL,8,3,21.4,2.3,4.8,0.474,1.4,3.3,0.423,0.9,1.5,0.583,0.618,0.4,0.5,0.75,0.1,2.5,2.6,2.5,0.6,0.1,1.1,1.6,6.3,NA
232,Haywood Highsmith,SF,25,MIA,4,0,10.5,1,2,0.5,1,1.8,0.571,0,0.3,0,0.75,0,0,,0.5,0.8,1.3,0,0,0.3,0,0.8,3,NA
287,Herbert Jones,C,23,NOP,50,41,29.8,3.6,7.3,0.497,0.7,1.9,0.372,2.9,5.4,0.541,0.545,1.6,1.9,0.835,1.2,2.6,3.8,2,1.5,0.9,1.1,3,9.6,1700000
64,Ignas Brazdeikis,SF,23,ORL,24,0,9,1,2.7,0.385,0.4,1.3,0.313,0.6,1.4,0.455,0.462,0.4,0.5,0.75,0.4,1,1.4,0.7,0.2,0,0.3,1,2.9,NA
57,Isaac Bonga,SF,22,TOR,13,0,5.1,0.2,1,0.231,0.1,0.3,0.25,0.2,0.7,0.222,0.269,0.3,0.5,0.667,0.3,0.2,0.5,0.2,0.5,0.2,0.2,0.8,0.8,1729217
415,Isaac Okoro,SF,21,CLE,39,33,28.7,3.3,7.1,0.46,0.8,2.7,0.299,2.4,4.3,0.562,0.518,1.6,2.2,0.753,1.1,2.2,3.2,1.8,0.8,0.3,1,2.6,9,6720720
221,Isaiah Hartenstein,C,23,LAC,41,0,15.8,3.1,4.9,0.624,0,0.1,0.5,3,4.8,0.626,0.629,1.1,1.7,0.662,1.5,2.7,4.2,1.8,0.7,1.1,1,2.5,7.3,3430810
262,Isaiah Jackson,PF,20,IND,19,2,9.5,2.1,4,0.526,0.2,0.4,0.429,1.9,3.6,0.536,0.546,1.1,1.6,0.677,1.2,1.6,2.8,0.4,0.4,0.8,0.5,1.8,5.5,2451120
271,Isaiah Joe,SG,22,PHI,38,1,12.9,1.3,3.6,0.355,0.9,2.8,0.33,0.4,0.8,0.438,0.482,0.5,0.6,0.952,0.1,1.1,1.2,0.7,0.3,0.1,0.3,1,4,1517981
327,Isaiah Livers,SF,23,DET,1,0,5,0,2,0,0,2,0,0,0,,0,0,0,,0,0,0,0,1,1,1,1,0,1057260
382,Ja Morant,PG,22,MEM,42,42,33.3,10,20.3,0.49,1.5,4.5,0.342,8.4,15.8,0.532,0.528,5,6.5,0.763,1.4,4.5,5.9,6.9,1.3,0.4,3.5,1.4,26.4,9603360
427,Jabari Parker,PF,26,BOS,12,0,9.3,1.5,3.2,0.474,0.7,1.3,0.5,0.8,1.8,0.455,0.579,0.8,0.8,1,0.4,1.9,2.3,0.5,0.3,0.1,0.7,1.1,4.4,1068288
356,Jaden McDaniels,PF,21,MIN,50,23,26,3.4,7.7,0.436,1,3.4,0.297,2.3,4.3,0.549,0.503,0.7,0.9,0.773,1.2,3,4.3,1.1,0.8,0.7,1.1,3.2,8.4,2063280
119,Jae Crowder,PF,31,PHO,42,42,28.1,3.2,7.9,0.403,1.9,5.3,0.353,1.3,2.6,0.505,0.521,0.9,1.1,0.804,0.4,4.5,4.9,1.3,1.2,0.5,0.9,2.4,9.1,9720900
152,Jaime Echenique,C,24,WAS,1,0,3,0,0,,0,0,,0,0,,,0,0,,0,0,0,0,0,0,0,0,0,NA
318,Jake Layman,SF,27,MIN,22,1,7.5,0.8,2.2,0.367,0.2,1.2,0.154,0.6,1,0.609,0.408,0.3,0.4,0.75,0.2,0.9,1,0.3,0.3,0.2,0.3,0.4,2.1,3940184
438,Jakob Poeltl,C,26,SAS,44,43,28.8,6,9.8,0.614,0,0,,6,9.8,0.614,0.614,1.3,2.7,0.458,4,5,9,2.8,0.7,1.7,1.5,3,13.3,8750000
79,Jalen Brunson,PG,25,DAL,53,35,31.7,6.5,12.8,0.505,1,3,0.35,5.4,9.8,0.552,0.546,2,2.5,0.803,0.6,3.3,3.9,5.5,0.9,0.1,1.7,1.9,16,1802057
199,Jalen Green,SG,19,HOU,38,38,30.1,4.7,12.6,0.376,1.8,6.1,0.29,3,6.5,0.456,0.446,3.1,3.7,0.844,0.4,2.9,3.3,2.4,0.6,0.2,2.3,1.5,14.4,8992200
276,Jalen Johnson,PF,20,ATL,13,0,4.5,0.7,1.5,0.474,0.2,0.5,0.429,0.5,0.9,0.5,0.553,0.3,0.5,0.667,0,1.2,1.2,0.1,0,0,0.2,0.2,1.9,2659560
357,Jalen McDaniels,SF,24,CHO,39,2,17.6,2.5,5.1,0.492,0.8,2.2,0.372,1.7,2.8,0.586,0.574,0.8,1.2,0.674,0.7,2.7,3.5,1.1,0.5,0.4,0.8,1.8,6.6,1782621
61,James Bouknight,SG,21,CHO,25,0,10,1.7,4.6,0.368,0.6,1.6,0.341,1.1,2.9,0.384,0.43,0.9,1.1,0.852,0.7,0.8,1.5,0.8,0.2,0,0.4,0.9,4.8,4154400
159,James Ennis III,SF,31,TOT,7,0,8,1.6,3.4,0.458,0.4,1.1,0.375,1.1,2.3,0.5,0.521,0.6,0.7,0.8,0.7,1,1.7,0.4,0.3,0.3,0.3,0.7,4.1,NA
159,James Ennis III,SF,31,BRK,2,0,7,1,3.5,0.286,0.5,1,0.5,0.5,2.5,0.2,0.357,0,0,,1,1.5,2.5,0,0.5,0.5,0,0,2.5,NA
159,James Ennis III,SF,31,LAC,2,0,14,3.5,5.5,0.636,1,2,0.5,2.5,3.5,0.714,0.727,2,2,1,1,1.5,2.5,0,0.5,0.5,0.5,2,10,NA
159,James Ennis III,SF,31,DEN,3,0,4.7,0.7,2,0.333,0,0.7,0,0.7,1.3,0.5,0.333,0,0.3,0,0.3,0.3,0.7,1,0,0,0.3,0.3,1.3,NA
212,James Harden,PG,32,BRK,44,44,37,6.6,16,0.414,2.3,7,0.332,4.3,9.1,0.476,0.486,6.9,8,0.869,1,7,8,10.2,1.3,0.7,4.8,2.4,22.5,43848000
277,James Johnson,PF,34,BRK,38,5,18.7,2.3,4.9,0.47,0.3,1.2,0.273,2,3.7,0.532,0.503,0.3,0.7,0.407,1,2.5,3.5,1.8,0.5,0.4,0.7,2.3,5.2,2641691
435,Jamorko Pickett,PF,24,DET,6,0,7.8,0.2,1.7,0.1,0.2,1.2,0.143,0,0.5,0,0.15,0,0,,0.3,1.2,1.5,0.2,0,0.2,0.5,0.5,0.5,NA
200,JaMychal Green,PF,31,DEN,40,7,14.7,2.2,4.8,0.446,0.5,2.1,0.247,1.6,2.7,0.602,0.5,1.1,1.2,0.875,0.9,2.7,3.6,0.8,0.7,0.4,0.9,2.2,5.9,8292683
363,JaQuori McLaughlin,PG,24,DAL,4,0,2.8,0,0.5,0,0,0.3,0,0,0.3,0,0,0,0,,0,0,0,0.5,0,0,0,0.3,0,NA
85,Jared Butler,SG,21,UTA,24,1,8.3,1.4,3.5,0.4,0.6,1.8,0.341,0.8,1.7,0.463,0.488,0.3,0.4,0.6,0.1,0.8,0.9,1.2,0.3,0.3,0.9,1.1,3.7,925258
214,Jared Harper,PG,24,NOP,2,0,5,1.5,3.5,0.429,0.5,1,0.5,1,2.5,0.4,0.5,0,0,,0.5,0,0.5,1.5,0,0.5,0.5,1,3.5,NA
263,Jaren Jackson Jr.,PF,22,MEM,54,54,28,5.8,13.7,0.421,1.7,5.4,0.317,4,8.3,0.489,0.484,3.4,4.3,0.794,1.4,4.5,5.9,1.1,1,2.3,1.7,3.4,16.7,9180560
8,Jarrett Allen,C,23,CLE,46,46,32.6,6.6,9.9,0.667,0,0.2,0.1,6.6,9.7,0.68,0.669,3,4.4,0.685,3.6,7.5,11.1,1.8,0.7,1.4,1.8,1.8,16.2,20000000
120,Jarrett Culver,SG,22,MEM,24,0,9.5,1.5,3.6,0.419,0.3,1.2,0.286,1.2,2.4,0.483,0.465,0.5,0.9,0.524,0.3,1.2,1.5,1,0.6,0.1,0.4,1.1,3.8,6395160
121,Jarron Cumberland,SG,24,POR,3,0,4,0.3,0.7,0.5,0,0.3,0,0.3,0.3,1,0.5,0,0,,0.3,0.7,1,0.3,0,0,0,0.7,0.7,NA
359,JaVale McGee,C,34,PHO,46,14,16.1,4.1,6.3,0.66,0,0.1,0.25,4.1,6.2,0.665,0.661,1.5,2.2,0.673,2.3,4.7,7,0.7,0.3,0.9,1.5,2.6,9.8,5000000
131,Javin DeLaurier,C,23,MIL,1,0,3,0,0,,0,0,,0,0,,,0,0,,0,1,1,0,1,0,0,1,0,NA
201,Javonte Green,SF,28,CHI,37,26,23.4,2.6,4.9,0.533,0.4,1.3,0.306,2.2,3.6,0.617,0.574,1.5,1.9,0.814,1.5,2.6,4.2,1,0.9,0.6,0.5,2.2,7.2,1669178
224,Jaxson Hayes,C,21,NOP,41,3,15.9,3.1,5,0.635,0.2,0.6,0.304,3,4.4,0.678,0.653,1.8,2.4,0.758,1.4,2.6,4,0.4,0.4,0.8,0.7,2.2,8.3,5348280
250,Jay Huff,C,23,LAL,4,0,5,0,0.8,0,0,0.5,0,0,0.3,0,0,0,0,,0.3,0.8,1,0.3,0.3,0.3,0.3,0.3,0,NA
75,Jaylen Brown,SF,25,BOS,41,41,34.3,8.7,19.1,0.457,2.7,7.8,0.349,6,11.3,0.53,0.527,3.8,4.9,0.784,0.8,5.7,6.5,3,1.1,0.4,2.9,2.7,23.9,24830357
237,Jaylen Hoard,SF,22,OKC,1,0,2,0,1,0,0,0,,0,1,0,0,0,0,,1,1,2,0,0,0,0,0,0,NA
384,Jaylen Morris,SG,26,SAS,3,0,5.3,0,2,0,0,0.7,0,0,1.3,0,0,0.7,1.3,0.5,0,0.7,0.7,0.7,0,0,0.3,0.7,0.7,NA
405,Jaylen Nowell,SG,22,MIN,38,1,15.4,3.1,6.7,0.465,0.9,2.5,0.351,2.3,4.3,0.531,0.529,1.1,1.4,0.755,0.3,1.7,2,2.2,0.6,0.2,0.6,1.2,8.2,1782621
424,Jaysean Paige,PG,27,DET,1,0,7,0,3,0,0,2,0,0,1,0,0,0,0,,0,1,1,1,0,0,1,2,0,NA
145,Jeff Dowtin,PG,24,TOT,5,0,6.2,0.6,1.4,0.429,0,0.4,0,0.6,1,0.6,0.429,0,0,,0.2,1.2,1.4,0.6,0,0.2,0.2,0.4,1.2,NA
145,Jeff Dowtin,PG,24,GSW,4,0,7,0.8,1.5,0.5,0,0.3,0,0.8,1.3,0.6,0.5,0,0,,0.3,1.5,1.8,0.8,0,0.3,0.3,0.5,1.5,NA
145,Jeff Dowtin,PG,24,MIL,1,0,3,0,1,0,0,1,0,0,0,,0,0,0,,0,0,0,0,0,0,0,0,0,NA
202,Jeff Green,C,35,DEN,49,37,24.7,3.8,7.4,0.515,0.7,2.3,0.324,3.1,5.1,0.6,0.565,2,2.5,0.818,0.6,2.6,3.1,1.2,0.3,0.4,0.9,2.2,10.3,4500000
288,Jemerrio Jones,SF,26,LAL,2,0,7.5,1,1.5,0.667,0,0,,1,1.5,0.667,0.667,0,0,,1,0.5,1.5,0,0.5,0,0,1,2,NA
195,Jerami Grant,PF,27,DET,28,28,32.7,6.3,15.5,0.408,1.8,5.3,0.338,4.5,10.2,0.444,0.465,4.8,5.7,0.844,0.8,3.7,4.5,2.6,1,1.1,2.1,2.3,19.3,20000000
314,Jeremy Lamb,SF,29,IND,39,0,15.7,2.2,5.8,0.373,1,3,0.333,1.2,2.8,0.414,0.458,1.7,2.1,0.838,0.4,2,2.4,1.3,0.6,0.4,0.6,1.1,7.1,10500000
93,Jevon Carter,PG,26,BRK,40,1,11.4,1,3.3,0.313,0.7,2.3,0.312,0.3,1,0.316,0.424,0.2,0.2,0.75,0.2,1.2,1.4,0.9,0.4,0.2,0.5,1,2.9,3833333
86,Jimmy Butler,SF,32,MIA,35,35,33.9,7.2,14.7,0.49,0.4,1.9,0.212,6.8,12.9,0.531,0.504,7,7.9,0.891,1.9,4.4,6.3,6.3,1.8,0.5,2,1.4,21.9,36016200
315,Jock Landale,C,26,SAS,33,1,10.3,1.8,3.5,0.496,0.6,1.6,0.365,1.2,2,0.6,0.577,0.6,0.7,0.87,1.2,1.2,2.3,0.9,0.2,0.4,0.7,1,4.7,925258
217,Joe Harris,SF,30,BRK,14,14,30.2,4,8.9,0.452,2.9,6.3,0.466,1.1,2.6,0.417,0.617,0.4,0.4,0.833,0.4,3.6,4,1,0.5,0.1,1.1,2.2,11.3,17357143
257,Joe Ingles,SF,34,UTA,45,15,24.9,2.6,6.3,0.404,1.7,5,0.347,0.8,1.3,0.617,0.54,0.4,0.5,0.773,0.3,2.6,2.9,3.5,0.5,0.1,1,1.8,7.2,14000000
278,Joe Johnson,SG,40,BOS,1,0,2,1,1,1,0,0,,1,1,1,1,0,0,,0,0,0,0,0,0,0,0,2,NA
20,Joel Ayayi,SG,21,WAS,7,0,2.9,0.1,0.9,0.167,0,0.1,0,0.1,0.7,0.2,0.167,0,0,,0.1,0.3,0.4,0.6,0,0,0,0,0.3,NA
158,Joel Embiid,C,27,PHI,41,41,33,9.5,19.1,0.497,1.3,3.5,0.364,8.2,15.7,0.526,0.53,9,11.1,0.809,2,8.9,10.9,4.4,1,1.5,2.9,2.6,29.3,31579390
108,John Collins,PF,24,ATL,48,48,31.7,6.5,12.1,0.539,1.3,3.2,0.392,5.3,9,0.591,0.59,2.6,3.3,0.794,1.8,6.3,8.1,1.9,0.7,1.1,1.1,3,17,23000000
306,John Konchar,SG,25,MEM,47,6,18.3,1.8,3.5,0.5,0.7,1.7,0.407,1.1,1.8,0.588,0.599,0.4,0.7,0.606,1.2,3.3,4.4,1.5,0.7,0.3,0.4,1.3,4.7,2197674
311,Jonathan Kuminga,SF,19,GSW,41,4,12.8,2.6,5.2,0.493,0.5,1.7,0.314,2,3.5,0.579,0.544,1.3,2.1,0.64,0.6,2,2.6,0.5,0.4,0.2,0.9,1.7,7,5466360
42,Jordan Bell,C,27,CHI,1,0,2,0,0,,0,0,,0,0,,,0,0,,1,0,1,0,1,0,0,2,0,NA
105,Jordan Clarkson,SG,29,UTA,50,1,26.6,5.6,14.1,0.4,2.6,8,0.323,3,6.1,0.5,0.491,1.7,2.1,0.816,0.8,2.7,3.5,2.4,0.7,0.3,1.7,1.9,15.5,12420000
191,Jordan Goodwin,SG,23,WAS,2,0,3,0,1.5,0,0,0.5,0,0,1,0,0,0,0,,0,0.5,0.5,0,0,0,0,0.5,0,NA
364,Jordan McLaughlin,PG,25,MIN,35,3,11.9,1,2.8,0.357,0.2,1.1,0.184,0.8,1.7,0.467,0.393,0.5,0.7,0.72,0.2,1,1.2,2.6,0.7,0.1,0.6,0.5,2.7,1669178
409,Jordan Nwora,SF,23,MIL,42,9,19.2,3.1,7.6,0.408,1.4,3.8,0.366,1.7,3.8,0.449,0.5,0.4,0.5,0.762,0.7,3.1,3.8,1,0.5,0.3,1,1.1,8,1517981
441,Jordan Poole,SG,22,GSW,47,34,29.1,5.7,13,0.438,2.4,7.1,0.342,3.2,5.8,0.555,0.532,3,3.2,0.921,0.4,2.7,3,3.4,0.8,0.3,2.3,2.6,16.8,2161440
9,Jose Alvarado,PG,23,NOP,26,1,12.2,1.7,4.3,0.398,0.6,1.8,0.313,1.2,2.5,0.462,0.465,0.5,0.7,0.632,0.3,1,1.3,2,1.1,0.1,0.3,1.3,4.5,NA
102,Josh Christopher,SG,20,HOU,45,2,16.6,2.9,6.1,0.476,0.8,2.3,0.346,2.1,3.8,0.556,0.542,1.1,1.4,0.766,0.7,1.4,2,1.8,0.8,0.1,1.4,1,7.7,2259240
185,Josh Giddey,SG,19,OKC,47,47,31.4,5,12.1,0.415,1,4.1,0.257,4,8.1,0.495,0.458,0.9,1.3,0.677,1.7,5.8,7.5,6.1,1,0.4,3.1,1.7,12,5988000
203,Josh Green,SG,21,DAL,39,0,13.6,1.8,3.5,0.518,0.3,0.8,0.313,1.6,2.7,0.581,0.555,0.6,0.9,0.714,0.7,1.4,2.1,1.3,0.6,0.2,0.5,1.6,4.5,2957520
220,Josh Hart,PF,26,NOP,41,40,33.5,4.8,9.4,0.505,1,3.2,0.323,3.7,6.2,0.598,0.56,2.8,3.8,0.753,1.3,6.5,7.8,4.1,1.1,0.3,2,2.9,13.4,12000000
264,Josh Jackson,SF,24,DET,39,3,18.1,2.6,6.4,0.41,0.8,2.9,0.265,1.9,3.5,0.529,0.47,1,1.4,0.714,0.4,2.7,3.2,1.3,0.5,0.5,1,1.8,7.1,5005350
413,Josh Okogie,SG,23,MIN,32,6,12.7,0.8,2.3,0.356,0.3,1.1,0.294,0.5,1.2,0.41,0.425,0.7,1.2,0.622,0.8,1.1,1.9,0.6,0.5,0.3,0.5,1.2,2.7,4087904
451,Joshua Primo,SG,19,SAS,25,4,15.1,1.7,4.6,0.368,0.8,2.3,0.345,0.9,2.2,0.393,0.456,0.6,0.7,0.778,0.6,1,1.7,1.4,0.4,0.6,1,1.1,4.7,3946800
239,Jrue Holiday,PG,31,MIL,42,39,32.7,7.2,14.3,0.502,1.8,4.6,0.396,5.4,9.7,0.551,0.565,1.8,2.4,0.76,1,3.7,4.6,6.6,1.5,0.5,2.7,1.8,18,30133333
228,Juancho Hernangómez,PF,26,TOT,23,0,6.4,0.3,1.4,0.212,0.1,0.9,0.143,0.2,0.5,0.333,0.258,0.4,0.6,0.692,0.6,1.2,1.7,0.3,0.2,0.1,0.3,0.3,1.1,NA
228,Juancho Hernangómez,PF,26,BOS,18,0,5.3,0.3,1.5,0.185,0.2,1,0.167,0.1,0.5,0.222,0.241,0.3,0.5,0.667,0.5,0.9,1.4,0.2,0.2,0.1,0.3,0.4,1.1,NA
228,Juancho Hernangómez,PF,26,SAS,5,0,10.2,0.4,1.2,0.333,0,0.6,0,0.4,0.6,0.667,0.333,0.6,0.8,0.75,0.8,2.2,3,0.6,0.2,0.2,0.4,0,1.4,NA
10,Justin Anderson,SF,28,TOT,6,0,12.8,1,3.2,0.316,0.5,2.5,0.2,0.5,0.7,0.75,0.395,1,1.2,0.857,0.3,1.3,1.7,1.5,0.3,0.2,0.5,1.5,3.5,NA
10,Justin Anderson,SF,28,CLE,3,0,15.7,1.3,2.7,0.5,0.7,2,0.333,0.7,0.7,1,0.625,1,1.3,0.75,0,2,2,2,0.3,0,0.7,1.3,4.3,NA
10,Justin Anderson,SF,28,IND,3,0,10,0.7,3.7,0.182,0.3,3,0.111,0.3,0.7,0.5,0.227,1,1,1,0.7,0.7,1.3,1,0.3,0.3,0.3,1.7,2.7,NA
98,Justin Champagnie,SF,20,TOR,30,0,8.4,1,2,0.483,0.3,0.7,0.409,0.7,1.3,0.526,0.558,0.3,0.3,1,1.2,0.9,2.1,0.3,0.2,0.1,0.2,1.1,2.5,NA
240,Justin Holiday,SF,32,IND,49,40,28.9,3.9,9.3,0.415,2.6,6.9,0.378,1.3,2.5,0.516,0.553,0.7,0.8,0.829,0.4,2.4,2.8,1.8,0.7,0.4,1,2.1,11,6006420
265,Justin Jackson,SF,26,TOT,6,0,5.8,0.8,2.2,0.385,0.5,1.3,0.375,0.3,0.8,0.4,0.5,0.3,0.3,1,0.2,0.8,1,0.3,0,0,0.2,0.5,2.5,NA
265,Justin Jackson,SF,26,BOS,1,0,2,0,1,0,0,0,,0,1,0,0,2,2,1,0,0,0,0,0,0,0,0,2,NA
265,Justin Jackson,SF,26,PHO,5,0,6.6,1,2.4,0.417,0.6,1.6,0.375,0.4,0.8,0.5,0.542,0,0,,0.2,1,1.2,0.4,0,0,0.2,0.6,2.6,NA
407,Jusuf Nurki?,C,27,POR,51,51,27.7,5.6,10.4,0.538,0.2,1,0.245,5.4,9.4,0.568,0.549,3.1,4.6,0.681,2.9,7.9,10.8,2.7,1.2,0.6,2.5,3.4,14.5,NA
383,Juwan Morgan,PF,24,TOR,1,0,27,2,3,0.667,1,2,0.5,1,1,1,0.833,0,0,,2,2,4,1,0,0,0,3,5,NA
289,Kai Jones,C,21,CHO,16,0,2.9,0.4,0.6,0.667,0.1,0.1,0.5,0.3,0.4,0.714,0.722,0.1,0.3,0.25,0.1,0.4,0.5,0.3,0,0,0.3,0.3,0.9,2770560
36,Keita Bates-Diop,SF,26,SAS,41,12,17,2.2,4.5,0.497,0.3,1,0.317,1.9,3.5,0.549,0.533,0.7,1,0.69,1.1,3,4.1,0.6,0.4,0.3,0.7,1,5.5,1729217
345,Kelan Martin,SF,26,IND,27,1,16.4,2.6,6.2,0.417,0.8,2.7,0.297,1.8,3.5,0.511,0.482,0.3,0.5,0.692,0.6,1.4,2,0.8,0.5,0.3,0.5,1.3,6.3,NA
279,Keldon Johnson,SF,22,SAS,50,49,31.1,5.8,12.3,0.471,1.9,4.3,0.431,3.9,8,0.492,0.546,1.9,2.7,0.713,1,5.1,6.1,1.8,0.7,0.1,1.3,1.9,15.4,2145720
52,Keljin Blevins,SF,26,POR,10,0,5.2,0.6,1.6,0.375,0.4,1,0.4,0.2,0.6,0.333,0.5,0,0.2,0,0,0.3,0.3,0.4,0,0,0.5,0.3,1.6,NA
418,Kelly Olynyk,C,30,DET,16,1,20.8,3.7,8.9,0.413,1.1,3.8,0.3,2.6,5.2,0.494,0.476,1.7,2.7,0.628,1.4,3.5,4.9,2.9,1,0.6,1.6,2.8,10.2,12195122
423,Kelly Oubre Jr.,SF,26,CHO,48,10,28.1,6,13.5,0.443,2.9,8,0.358,3.1,5.4,0.567,0.55,1.8,2.6,0.691,1.1,3,4.1,1.2,1.2,0.4,1,2.5,16.6,12000000
38,Kent Bazemore,SF,32,LAL,31,14,14.7,1.3,3.8,0.328,0.7,2.1,0.354,0.5,1.7,0.296,0.424,0.4,0.5,0.765,0.3,1.5,1.7,0.9,0.6,0.2,0.3,1.8,3.7,2401537
88,Kentavious Caldwell-Pope,SG,28,WAS,49,49,29.4,4.1,10,0.407,1.9,5.2,0.37,2.1,4.7,0.448,0.504,1.2,1.4,0.884,0.5,3,3.4,1.7,1.1,0.4,1.2,1.7,11.3,13038862
346,Kenyon Martin Jr.,SF,21,HOU,50,0,19.5,3.4,6.3,0.533,0.5,1.8,0.297,2.8,4.5,0.628,0.576,1.1,1.7,0.651,1.1,2.8,3.8,1.4,0.5,0.5,0.7,1.3,8.4,1517981
280,Keon Johnson,SG,19,LAC,15,0,9,1.1,3.4,0.333,0.2,0.7,0.273,0.9,2.7,0.35,0.363,1.1,1.4,0.762,0.4,1,1.4,0.9,0.5,0.1,0.5,1.4,3.5,2553120
154,Kessler Edwards,SF,21,BRK,22,15,26,3,6.8,0.433,1.3,3.3,0.384,1.7,3.5,0.481,0.527,0.3,0.4,0.75,1.1,3.3,4.5,0.7,0.9,0.7,1.1,2.1,7.5,NA
151,Kevin Durant,PF,33,BRK,36,36,36.5,10.5,20.3,0.52,1.9,5,0.372,8.7,15.3,0.568,0.566,6.3,7.1,0.894,0.6,6.9,7.4,5.8,0.8,0.9,3,1.9,29.3,40918900
249,Kevin Huerter,SG,23,ATL,46,32,29,4.5,9.8,0.461,1.9,5,0.377,2.6,4.8,0.55,0.558,0.6,0.8,0.8,0.4,2.7,3.2,2.8,0.6,0.3,1.3,2.2,11.5,4253357
305,Kevin Knox,SF,22,TOT,18,0,8.1,1.1,2.9,0.365,0.6,2.1,0.297,0.4,0.8,0.533,0.471,0.4,0.6,0.7,0.4,1.1,1.6,0.3,0.2,0.1,0.4,0.4,3.1,5845978
305,Kevin Knox,SF,22,NYK,13,0,8.5,1.2,3.1,0.375,0.8,2.2,0.357,0.4,0.9,0.417,0.5,0.5,0.8,0.7,0.6,1.1,1.7,0.2,0.2,0.1,0.4,0.4,3.6,5845978
305,Kevin Knox,SF,22,ATL,5,0,7,0.8,2.4,0.333,0.2,1.8,0.111,0.6,0.6,1,0.375,0,0,,0,1.2,1.2,0.4,0.2,0,0.4,0.4,1.8,5845978
332,Kevin Love,PF,33,CLE,46,2,22.2,4.6,10.7,0.433,2.6,6.4,0.399,2,4.2,0.485,0.553,2.8,3.2,0.872,1.2,6.3,7.5,2.2,0.4,0.2,1.3,1.1,14.6,31300000
426,Kevin Pangos,PG,29,CLE,23,3,7.1,0.7,2,0.326,0.3,1.1,0.231,0.4,0.9,0.45,0.391,0.1,0.2,0.75,0.1,0.4,0.5,1.3,0.1,0,0.3,0.5,1.7,1669178
442,Kevin Porter Jr.,PG,21,HOU,36,36,29.8,4.5,11.7,0.386,2.1,5.8,0.356,2.4,5.9,0.415,0.474,2,3.2,0.617,0.7,3.3,4,6.1,1.2,0.3,3.5,2.5,13,2130240
328,Kevon Looney,C,25,GSW,53,53,21.1,2.6,4.7,0.552,0,0,0,2.6,4.7,0.555,0.552,1.1,1.7,0.663,2.8,4.8,7.6,1.6,0.6,0.7,1,2.7,6.3,5178572
47,Khem Birch,C,29,TOR,25,7,19.7,2,4.2,0.49,0,0.3,0,2,3.8,0.531,0.49,1.3,1.8,0.75,2.5,2.4,4.8,1.2,0.8,0.4,0.6,1.6,5.4,6350000
369,Khris Middleton,SF,30,MIL,43,43,31.8,6.6,14.9,0.442,2.3,6.2,0.38,4.2,8.7,0.487,0.521,3.9,4.4,0.885,0.7,4.9,5.6,5.3,1.3,0.3,3,2.4,19.4,35500000
225,Killian Hayes,PG,20,DET,41,33,25.1,2.4,6.6,0.361,0.7,2.6,0.28,1.6,4,0.414,0.416,0.9,1.1,0.809,0.4,2.6,3,4,1.1,0.6,1.5,2.5,6.4,5572680
323,Kira Lewis Jr.,PG,20,NOP,24,0,14.2,2.5,6.1,0.404,0.5,2.4,0.224,1.9,3.7,0.523,0.449,0.4,0.5,0.833,0.4,1.3,1.6,2,0.5,0,1.1,0.7,5.9,3822240
446,Kristaps Porzi??is,PF,26,DAL,34,34,29.5,6.7,14.9,0.451,1.4,5.1,0.283,5.3,9.9,0.537,0.499,4.3,5,0.865,1.9,5.8,7.7,2,0.7,1.7,1.6,2.6,19.2,NA
11,Kyle Anderson,PF,28,MEM,42,8,22.1,3.1,7.2,0.429,0.6,1.8,0.347,2.5,5.4,0.456,0.472,1.1,1.6,0.652,0.9,4.3,5.2,2.7,1.1,0.6,1,1.5,7.8,9937150
206,Kyle Guy,SG,24,MIA,13,0,12.9,1.9,4.4,0.439,1.1,2.7,0.4,0.8,1.7,0.5,0.561,0.4,0.5,0.714,0.2,0.8,1,1.2,0.5,0.1,0.9,0.9,5.3,NA
312,Kyle Kuzma,PF,26,WAS,49,49,33,6.1,13.3,0.456,1.9,5.5,0.337,4.2,7.8,0.539,0.525,2.2,3.2,0.686,1.2,7.6,8.8,2.8,0.7,0.9,2.2,1.8,16.2,13000000
333,Kyle Lowry,PG,35,MIA,41,41,33.9,4.3,10.5,0.413,2,6.2,0.332,2.3,4.3,0.528,0.51,2.3,2.8,0.85,0.6,3.8,4.4,8.1,1.1,0.4,3,2.8,13,26984128
259,Kyrie Irving,PG,29,BRK,12,12,35.6,9,19.8,0.456,2.4,6.6,0.367,6.6,13.2,0.5,0.517,2.8,3,0.917,0.7,4.1,4.8,5.3,1.1,0.6,2.4,2.3,23.2,34916200
416,KZ Okpala,PF,22,MIA,21,0,11.6,1.4,3.3,0.435,0.4,1.2,0.346,1,2,0.488,0.5,0.4,0.5,0.727,0.5,1.4,2,0.7,0.2,0.3,0.2,1.2,3.7,1782621
5,LaMarcus Aldridge,C,36,BRK,36,11,22.9,5.8,10.4,0.555,0.3,1.1,0.316,5.4,9.3,0.582,0.571,1.6,1.9,0.853,1.5,4.1,5.6,0.9,0.4,1.1,0.9,1.8,13.4,2641691
24,LaMelo Ball,PG,20,CHO,47,47,32.1,7,16.6,0.425,2.6,7.1,0.36,4.5,9.5,0.473,0.502,3,3.4,0.875,1.6,5.6,7.1,7.5,1.5,0.4,3,3.1,19.6,8231760
177,Langston Galloway,SG,30,TOT,7,0,15.3,0.9,3.7,0.231,0.3,2.3,0.125,0.6,1.4,0.4,0.269,0,0,,0.4,2.1,2.6,1.7,0.1,0,0.9,1,2,NA
177,Langston Galloway,SG,30,BRK,4,0,14.5,1.3,3.3,0.385,0.5,2,0.25,0.8,1.3,0.6,0.462,0,0,,0.3,1.8,2,1.3,0,0,1.3,1.3,3,NA
177,Langston Galloway,SG,30,MIL,3,0,16.3,0.3,4.3,0.077,0,2.7,0,0.3,1.7,0.2,0.077,0,0,,0.7,2.7,3.3,2.3,0.3,0,0.3,0.7,0.7,NA
396,Larry Nance Jr.,PF,29,POR,37,11,23.2,2.8,5.4,0.515,0.5,1.7,0.306,2.2,3.7,0.61,0.563,0.9,1.3,0.653,1.6,4.1,5.6,2,1,0.4,0.7,1.8,6.9,10690909
341,Lauri Markkanen,PF,24,CLE,38,38,30.2,4.9,11.3,0.436,2,5.9,0.342,2.9,5.4,0.539,0.526,1.7,1.9,0.863,1.1,4.2,5.3,1.5,0.8,0.6,0.8,1.8,13.6,15690909
56,Leandro Bolmaro,SF,21,MIN,24,2,7.8,0.4,1.3,0.281,0.1,0.5,0.167,0.3,0.8,0.35,0.313,0.3,0.4,0.889,0.6,0.8,1.5,0.5,0.2,0,0.5,0.9,1.2,2353320
267,LeBron James,SF,37,LAL,37,37,36.7,11,21,0.523,2.8,7.9,0.351,8.2,13.1,0.626,0.588,4.4,5.8,0.757,1.1,6.7,7.8,6.4,1.6,1.1,3.1,2.2,29.1,41180544
25,Lonzo Ball,PG,24,CHI,35,35,34.6,4.6,10.9,0.423,3.1,7.4,0.423,1.5,3.5,0.423,0.567,0.6,0.8,0.75,1,4.4,5.4,5.1,1.8,0.9,2.3,2.4,13,18604651
300,Louis King,SF,22,SAC,9,0,9.6,1.6,4.6,0.341,0.9,2.7,0.333,0.7,1.9,0.353,0.439,0.8,1.1,0.7,0,1.2,1.2,0.7,0.2,0,0,1.4,4.8,NA
140,Luguentz Dort,SF,22,OKC,47,47,32.6,5.7,13.9,0.406,2.5,7.5,0.337,3.1,6.4,0.487,0.497,3,3.5,0.853,0.7,3.5,4.2,1.7,0.9,0.4,1.6,2.9,16.8,1782621
139,Luka Don?i?,PG,22,DAL,39,39,35.2,9.4,21.1,0.444,2.4,7.9,0.309,6.9,13.2,0.524,0.502,4.8,6.5,0.737,0.9,8,8.9,9.1,1.2,0.4,4.3,2.3,26,NA
181,Luka Garza,C,23,DET,27,5,12.1,1.9,4.3,0.436,0.5,1.5,0.325,1.4,2.9,0.494,0.491,1,1.6,0.643,1.7,1.3,3.1,0.6,0.3,0.1,0.6,1.7,5.3,925258
297,Luke Kennard,SG,25,LAC,45,10,28.4,4.1,9.4,0.435,2.7,6.3,0.428,1.4,3.1,0.45,0.579,1,1.1,0.882,0.2,3.3,3.6,2.2,0.6,0.1,0.8,1.6,11.9,12727273
308,Luke Kornet,C,26,TOT,3,0,6,0.3,2,0.167,0,0.3,0,0.3,1.7,0.2,0.167,0.7,1,0.667,1,0.3,1.3,0.3,0,0.3,0,0.7,1.3,NA
308,Luke Kornet,C,26,CLE,2,0,7.5,0.5,2.5,0.2,0,0.5,0,0.5,2,0.25,0.2,1,1.5,0.667,1,0.5,1.5,0.5,0,0.5,0,0.5,2,NA
308,Luke Kornet,C,26,MIL,1,0,3,0,1,0,0,0,,0,1,0,0,0,0,,1,0,1,0,0,0,0,1,0,NA
353,Mac McClung,PG,23,CHI,1,0,3,1,1,1,0,0,,1,1,1,1,0,0,,0,0,0,0,0,0,1,0,2,NA
166,Malachi Flynn,PG,23,TOR,29,1,9.1,1.2,3.2,0.372,0.5,1.7,0.292,0.7,1.6,0.457,0.447,0.2,0.3,0.667,0.2,0.9,1.1,1,0.4,0.1,0.3,0.9,3.1,2048040
68,Malcolm Brogdon,PG,29,IND,28,28,33.4,6.6,14.7,0.448,1.6,5.4,0.307,4.9,9.3,0.529,0.504,3.8,4.4,0.861,0.9,4.3,5.1,5.9,0.9,0.4,2.2,2,18.5,21700000
234,Malcolm Hill,SF-SG,26,TOT,12,0,13.7,1.3,3,0.444,0.7,2,0.333,0.7,1,0.667,0.556,0.8,1,0.833,0.8,1.1,1.9,0.3,0.4,0.2,0.1,1.7,4.2,NA
234,Malcolm Hill,SG,26,ATL,3,0,15.3,1.7,2.7,0.625,1,1.7,0.6,0.7,1,0.667,0.813,1.3,1.3,1,0.7,1.3,2,0.3,1.3,0.3,0,2.3,5.7,NA
234,Malcolm Hill,SF,26,CHI,9,0,13.1,1.2,3.1,0.393,0.6,2.1,0.263,0.7,1,0.667,0.482,0.7,0.9,0.75,0.9,1,1.9,0.3,0.1,0.1,0.1,1.4,3.7,NA
41,Malik Beasley,SG,25,MIN,53,10,26.1,4.4,11.6,0.378,2.9,8.3,0.352,1.5,3.3,0.441,0.503,0.5,0.7,0.744,0.4,2.7,3.1,1.5,0.5,0.2,0.7,1.2,12.3,14391964
165,Malik Fitts,PF,24,UTA,7,0,5,0.3,1.3,0.222,0.3,0.6,0.5,0,0.7,0,0.333,0,0,,0,1.4,1.4,0,0,0,0.3,0.4,0.9,NA
377,Malik Monk,SG,23,LAL,48,16,27,4.8,10,0.473,2.3,5.6,0.409,2.5,4.4,0.554,0.587,1.2,1.5,0.789,0.4,2.8,3.3,2.5,0.7,0.4,1.3,1.6,13,1789256
400,Malik Newman,PG,24,CLE,1,0,8,3,5,0.6,0,1,0,3,4,0.75,0.6,2,2,1,0,1,1,1,0,0,1,0,8,NA
133,Mamadi Diakite,PF,25,OKC,12,3,14.5,1.8,3.6,0.512,0,0.4,0,1.8,3.2,0.579,0.512,0.5,0.9,0.545,1.3,3.2,4.4,0.2,0.4,0.7,0.5,2.7,4.2,NA
179,Marcus Garrett,SG,23,MIA,12,0,10.7,0.4,1.8,0.238,0.1,0.3,0.25,0.3,1.4,0.235,0.262,0.2,0.4,0.4,0.8,1.2,1.9,0.6,0.4,0.3,0.2,1.3,1.1,NA
385,Marcus Morris,PF,32,LAC,30,30,30.2,5.7,13.3,0.428,2.1,5.5,0.39,3.6,7.9,0.453,0.508,2.4,2.9,0.837,0.6,4.6,5.2,2.3,0.5,0.3,1.3,2.3,15.9,15627907
386,Markieff Morris,PF,32,MIA,10,0,18.7,3.2,7,0.457,0.8,2.2,0.364,2.4,4.8,0.5,0.514,0.5,0.5,1,1.3,1.5,2.8,1.4,0.3,0.1,1.2,2.2,7.7,2641691
248,Markus Howard,SG,22,DEN,21,0,6.3,1.3,3.5,0.37,1.1,2.5,0.434,0.2,1,0.2,0.527,0.5,0.6,0.917,0,0.2,0.2,0.3,0.3,0,0.3,0.5,4.2,NA
101,Marquese Chriss,PF,24,DAL,21,0,11.2,2.3,4.4,0.522,0.3,0.9,0.368,2,3.5,0.562,0.56,0.6,0.9,0.632,0.9,2.7,3.6,0.6,0.4,0.5,0.7,2.2,5.5,958529
23,Marvin Bagley III,PF,22,SAC,30,17,21.9,3.8,8.2,0.463,0.5,2.1,0.242,3.3,6.1,0.538,0.494,1.2,1.6,0.745,2.2,4.9,7.2,0.6,0.3,0.4,0.7,1.7,9.3,11312114
290,Mason Jones,SG,23,LAL,2,0,4.5,1,4,0.25,0,1,0,1,3,0.333,0.25,0.5,1,0.5,0.5,0.5,1,0,0.5,0,0.5,0.5,2.5,NA
437,Mason Plumlee,C,31,CHO,45,45,25.4,3,4.8,0.627,0,0,0,3,4.8,0.633,0.627,0.8,2.2,0.343,2.5,5.2,7.7,2.9,0.9,0.7,1.4,3.1,6.8,8137500
381,Matt Mooney,SG,24,NYK,1,0,2,0,1,0,0,1,0,0,0,,0,0,0,,0,0,0,0,1,0,1,0,0,NA
213,Maurice Harkless,SF,28,SAC,37,18,19.6,1.9,4.3,0.44,0.7,2.4,0.3,1.2,1.9,0.623,0.525,0.4,0.5,0.684,0.3,2.2,2.5,0.6,0.6,0.6,0.7,1.7,4.9,4347600
302,Maxi Kleber,PF,30,DAL,37,20,25.2,2.6,6.2,0.419,1.7,4.6,0.371,0.9,1.6,0.559,0.557,0.7,0.9,0.771,1.2,4.7,5.9,1.1,0.5,1,0.8,2.3,7.6,8750000
447,Micah Potter,C,23,DET,3,0,10.3,1.7,3.7,0.455,0,0.7,0,1.7,3,0.556,0.455,0.7,0.7,1,1.3,1.7,3,0,0.3,0.3,0.3,1.3,4,NA
443,Michael Porter Jr.,SF,23,DEN,9,9,29.4,4.1,11.4,0.359,1.1,5.3,0.208,3,6.1,0.491,0.408,0.6,1,0.556,1,5.6,6.6,1.9,1.1,0.2,1.3,1.8,9.9,5258735
65,Mikal Bridges,SF,25,PHO,52,52,34.6,5.1,9.8,0.52,1.4,3.7,0.375,3.7,6.2,0.606,0.59,1.3,1.4,0.867,1,3.3,4.3,2.2,1.3,0.5,0.8,1.9,12.9,5557725
111,Mike Conley,PG,34,UTA,47,47,28.5,5,10.9,0.455,2.4,5.7,0.431,2.5,5.3,0.482,0.567,1.9,2.3,0.832,0.6,2.4,3,5.2,1.2,0.3,1.7,1.8,14.3,21000000
393,Mike Muscala,C,30,OKC,43,0,13.8,2.6,5.8,0.456,1.6,3.8,0.429,1,2,0.506,0.597,1.1,1.3,0.842,0.5,2.5,3,0.5,0.4,0.6,0.3,1.3,8,3500000
66,Miles Bridges,PF,23,CHO,52,52,35.8,7.4,15.2,0.486,1.8,5.8,0.312,5.6,9.4,0.593,0.545,3.1,3.9,0.784,1.2,6,7.2,3.5,1,0.9,1.8,2.6,19.7,5421493
352,Miles McBride,PG,21,NYK,20,2,7.5,0.8,2.9,0.263,0.3,1.6,0.161,0.5,1.3,0.385,0.307,0.2,0.2,0.75,0.1,0.7,0.8,1.2,0.4,0.1,0.2,0.8,1.9,925258
420,Miye Oni,SG,24,UTA,16,0,2.8,0.1,0.6,0.222,0.1,0.5,0.125,0.1,0.1,1,0.278,0,0.1,0,0.1,0.4,0.4,0.3,0,0,0.1,0.4,0.3,850331
26,Mo Bamba,C,23,ORL,44,42,26.4,3.9,8.5,0.464,1.3,3.7,0.344,2.7,4.8,0.557,0.539,0.9,1.1,0.792,2.1,5.9,8,1.3,0.6,2,1.3,2.5,10,7568742
387,Monte Morris,PG,26,DEN,50,49,30,5.2,10.9,0.475,1.6,4.3,0.373,3.5,6.5,0.543,0.55,0.9,1,0.843,0.4,2.6,3,4.3,0.7,0.2,1.1,1.2,12.8,8333333
215,Montrezl Harrell,C,28,WAS,45,3,24.4,5.4,8.4,0.645,0.1,0.3,0.267,5.3,8,0.66,0.65,3.2,4.4,0.724,2.1,4.7,6.8,2.1,0.4,0.7,1.1,1.9,14.1,9720900
76,Moses Brown,C,22,DAL,25,1,6.6,1.1,2,0.54,0,0,,1.1,2,0.54,0.54,1.1,1.7,0.628,0.6,1.7,2.4,0,0.1,0.3,0.6,1.1,3.2,1701593
379,Moses Moody,SG,19,GSW,30,4,9.2,1.1,2.9,0.375,0.5,1.8,0.296,0.6,1.1,0.5,0.466,0.5,0.6,0.824,0.2,1.2,1.4,0.3,0.1,0.2,0.2,0.7,3.2,3562080
389,Mychal Mulder,PG,27,ORL,15,2,13,1.3,4.5,0.299,0.9,3.1,0.283,0.5,1.4,0.333,0.396,0.1,0.1,1,0.1,1.3,1.4,0.2,0.3,0.1,0.5,0.8,3.7,NA
449,Myles Powell,PG,24,PHI,11,0,4.7,0.5,1.5,0.294,0.1,0.5,0.167,0.4,1,0.364,0.324,0.2,0.2,1,0.1,0.5,0.5,0.3,0.1,0,0.3,0.7,1.2,NA
342,Naji Marshall,SF,24,NOP,28,0,9.5,1,3,0.333,0.1,1.2,0.118,0.9,1.8,0.48,0.357,1.1,1.3,0.857,0.5,1.6,2.1,0.8,0.4,0.1,0.8,0.9,3.2,1517981
326,Nassir Little,SF,21,POR,42,23,25.9,3.5,7.5,0.46,1.2,3.7,0.331,2.2,3.8,0.584,0.541,1.6,2.2,0.734,1.4,4.2,5.6,1.3,0.6,0.9,1,2,9.8,2316240
236,Nate Hinton,SG,22,IND,2,0,1,0,0.5,0,0,0,,0,0.5,0,0,0,0,,0,0,0,0,0,0,0.5,0,0,NA
304,Nathan Knight,PF,24,MIN,26,2,7.3,1,2.2,0.482,0.1,0.3,0.25,1,1.8,0.521,0.5,1.1,1.6,0.707,0.8,1.4,2.2,0.5,0.2,0.3,0.5,1.1,3.3,NA
50,Nemanja Bjelica,C,33,GSW,49,0,15.4,2.3,5.2,0.453,0.8,2.4,0.342,1.5,2.8,0.547,0.531,0.9,1.3,0.71,0.9,3.2,4.1,1.8,0.6,0.3,1.2,1.6,6.4,2089448
404,Nerlens Noel,C,27,NYK,24,11,22.9,1.3,2.5,0.542,0,0.1,0,1.3,2.3,0.571,0.542,0.9,1.2,0.75,2,3.8,5.8,1,1.2,1.3,0.8,2.7,3.5,8800000
106,Nic Claxton,C,22,BRK,25,18,21.2,4,6.2,0.639,0,0,,4,6.2,0.639,0.639,1.2,2.1,0.566,2.2,3.4,5.6,0.8,0.5,1.1,0.7,2.2,9.1,1782621
6,Nickeil Alexander-Walker,SG,23,NOP,50,19,26.3,4.7,12.6,0.375,1.9,6.1,0.311,2.8,6.5,0.434,0.45,1.4,1.9,0.722,0.7,2.6,3.3,2.8,0.8,0.4,1.7,1.8,12.8,3261480
37,Nicolas Batum,PF,33,LAC,34,29,24.9,3.2,6.6,0.484,2,4.9,0.406,1.2,1.8,0.7,0.633,0.5,0.7,0.667,0.4,4,4.5,1.6,1,0.8,0.8,1.4,8.9,12213507
283,Nikola Joki?,C,26,DEN,47,47,33,9.9,17.1,0.578,1.6,4.2,0.381,8.3,13,0.642,0.625,4.5,5.5,0.819,2.7,11,13.7,7.9,1.4,0.7,3.6,2.6,25.9,NA
450,Norman Powell,SF-SG,28,TOT,41,39,33.1,6.2,13.6,0.459,2.4,5.8,0.409,3.9,7.8,0.495,0.546,4,5,0.805,0.4,2.8,3.2,2.1,1,0.4,1.5,2.3,18.9,15517242
450,Norman Powell,SF,28,POR,40,39,33.3,6.2,13.6,0.456,2.3,5.7,0.406,3.9,7.8,0.492,0.542,4,5,0.803,0.4,2.9,3.3,2.1,1,0.4,1.6,2.3,18.7,15517242
450,Norman Powell,SG,28,LAC,1,0,24,9,16,0.563,4,8,0.5,5,8,0.625,0.688,6,7,0.857,0,1,1,4,0,0,1,4,28,15517242
433,Norvel Pelle,C,28,UTA,3,0,6.3,1,1.7,0.6,0,0,,1,1.7,0.6,0.6,0,0,,1,1,2,0,0,0.3,0.7,0.3,2,NA
16,OG Anunoby,SF,24,TOR,36,36,37.2,6.9,15.6,0.445,2.5,7,0.359,4.4,8.6,0.515,0.525,2.1,2.8,0.752,1.5,4,5.6,2.7,1.6,0.6,1.8,3,18.4,16071429
414,Onyeka Okongwu,C,21,ATL,21,6,22.4,3.5,4.9,0.716,0,0,,3.5,4.9,0.716,0.716,1.8,2.4,0.725,2.3,3.6,5.9,1,0.7,1.5,1.1,3.1,8.7,6104280
67,Oshae Brissett,SF,23,IND,42,1,18.9,2.2,5.5,0.403,0.8,2.5,0.33,1.4,3,0.464,0.478,1,1.5,0.635,1.2,3.1,4.3,0.7,0.5,0.3,0.7,1.4,6.2,1701593
444,Otto Porter Jr.,PF,28,GSW,43,11,21.9,3.3,6.8,0.48,1.6,3.9,0.404,1.7,3,0.578,0.594,0.6,0.8,0.727,1,4.3,5.3,1.6,1.1,0.5,0.5,1.3,8.7,2389641
34,Paris Bass,SF,26,PHO,2,0,3.5,1,3,0.333,0,1,0,1,2,0.5,0.333,1,1,1,1,1,2,0,0.5,0,1,1,3,NA
112,Pat Connaughton,SG,29,MIL,52,18,27.3,3.7,7.7,0.473,2.3,5.7,0.414,1.3,2.1,0.636,0.624,0.6,0.7,0.811,0.7,3.8,4.5,1.3,0.9,0.3,0.6,1.3,10.2,5333333
45,Patrick Beverley,PG,33,MIN,35,31,25.9,3.1,7.6,0.411,1.3,3.9,0.328,1.8,3.7,0.5,0.496,1.4,1.9,0.706,1.1,3.4,4.5,5,1.1,0.9,1.1,2.9,8.9,14320988
371,Patty Mills,PG,33,BRK,52,35,31,4.9,11.2,0.436,3.3,7.8,0.425,1.6,3.4,0.463,0.584,0.7,0.8,0.884,0.2,1.9,2.2,2.5,0.7,0.3,0.9,1.4,13.8,5890000
183,Paul George,SF,31,LAC,26,26,35.5,9,21.4,0.421,2.7,8.3,0.323,6.3,13,0.484,0.484,4,4.5,0.88,0.4,6.7,7.1,5.5,2,0.4,4.2,2.5,24.7,39344970
372,Paul Millsap,PF,36,BRK,24,0,11.3,1.3,3.5,0.376,0.3,1.1,0.222,1.1,2.4,0.448,0.412,0.5,0.7,0.706,1.2,2.5,3.7,1,0.2,0.5,0.5,2,3.4,2641691
453,Payton Pritchard,SG,24,BOS,44,2,12.1,1.7,4.5,0.377,1,2.8,0.369,0.7,1.8,0.39,0.49,0.3,0.3,1,0.3,1.3,1.6,1.6,0.2,0.1,0.6,0.8,4.8,2137440
115,Petr Cornelie,PF,26,DEN,13,0,2.9,0.4,1.2,0.333,0.1,0.6,0.125,0.3,0.5,0.571,0.367,0.2,0.3,0.75,0.5,0.5,1.1,0.2,0.1,0.1,0.3,0.5,1.1,NA
146,PJ Dozier,SG,25,DEN,18,0,18.9,2,5.5,0.364,0.8,2.7,0.313,1.2,2.8,0.412,0.439,0.6,0.7,0.769,0.8,2.7,3.5,1.6,0.6,0.3,0.7,1.8,5.4,1910860
1,Precious Achiuwa,C,22,TOR,42,22,24.1,3.3,7.7,0.425,0.4,1.2,0.308,2.9,6.4,0.448,0.45,0.9,1.6,0.545,2.3,5,7.2,1.2,0.5,0.6,1,2.1,7.8,2711280
205,Quentin Grimes,SG,21,NYK,35,2,15.9,2,4.9,0.407,1.5,3.9,0.382,0.5,1,0.5,0.558,0.2,0.3,0.727,0.5,1.3,1.7,0.9,0.7,0.2,0.6,1.3,5.7,2168760
210,R.J. Hampton,SG,20,ORL,42,1,19.4,2.5,6.7,0.382,0.9,2.5,0.364,1.6,4.1,0.393,0.452,1.1,1.9,0.608,0.3,2.6,2.9,2.4,0.7,0.2,1.3,1.5,7.2,2303040
399,Raul Neto,PG,29,WAS,43,0,19.6,2.9,6.5,0.446,0.4,1.7,0.236,2.5,4.8,0.519,0.477,1.1,1.5,0.723,0.2,1.8,2,2.6,0.7,0,1.2,1.5,7.3,2089448
82,Reggie Bullock,SF,30,DAL,46,15,24.7,2.7,6.7,0.41,1.8,5,0.353,1,1.6,0.587,0.544,0.6,0.7,0.844,0.4,3,3.4,1,0.5,0.1,0.5,1.3,7.8,9536000
266,Reggie Jackson,SG,31,LAC,51,51,30.6,6.2,15.8,0.394,2.4,7.2,0.33,3.8,8.6,0.449,0.47,1.8,2.1,0.857,0.5,2.9,3.4,4.1,0.7,0.1,2.1,2,16.6,10384500
434,Reggie Perry,PF,21,TOT,3,0,17,1.7,3.3,0.5,0.3,0.7,0.5,1.3,2.7,0.5,0.55,0.7,0.7,1,0.7,2,2.7,0.7,0.3,0,0.3,3,4.3,NA
434,Reggie Perry,PF,21,POR,2,0,20.5,2,4.5,0.444,0.5,1,0.5,1.5,3.5,0.429,0.5,1,1,1,1,2.5,3.5,1,0.5,0,0.5,3,5.5,NA
434,Reggie Perry,PF,21,IND,1,0,10,1,1,1,0,0,,1,1,1,1,0,0,,0,1,1,0,0,0,0,3,2,NA
241,Richaun Holmes,C,28,SAC,37,37,25.7,5,7.3,0.683,0.1,0.1,0.4,4.9,7.2,0.688,0.686,1.8,2.3,0.765,2.3,5.6,7.9,1.2,0.4,1,1.3,3,11.8,10384500
32,RJ Barrett,SF,21,NYK,46,46,32.8,6.3,15.2,0.416,2,5.6,0.353,4.3,9.6,0.454,0.481,3.2,4.7,0.693,0.8,4.9,5.7,2.5,0.6,0.3,2,2,17.9,8623920
397,RJ Nembhard Jr.,SG,22,CLE,7,0,6.3,0.7,1.6,0.455,0,0.1,0,0.7,1.4,0.5,0.455,0.1,0.3,0.5,0,0.3,0.3,1.4,0,0,0.3,0.3,1.6,NA
155,Rob Edwards,SG,25,OKC,2,0,5.5,0.5,2,0.25,0.5,2,0.25,0,0,,0.375,0,0,,0,1.5,1.5,0,0,0,0.5,0,1.5,NA
117,Robert Covington,PF-SF,31,TOT,49,40,29.7,2.7,7,0.385,1.7,4.8,0.347,1,2.2,0.467,0.504,0.7,0.8,0.842,0.9,4.8,5.7,1.4,1.5,1.3,1.2,2.8,7.7,12975471
117,Robert Covington,PF,31,POR,48,40,29.8,2.7,7,0.381,1.6,4.8,0.343,1,2.2,0.462,0.499,0.6,0.8,0.833,0.9,4.9,5.7,1.4,1.5,1.3,1.2,2.8,7.6,12975471
117,Robert Covington,SF,31,LAC,1,0,23,4,7,0.571,3,6,0.5,1,1,1,0.786,2,2,1,2,2,4,0,1,0,2,3,13,12975471
330,Robin Lopez,C,33,ORL,24,9,17.8,3.7,6.3,0.579,0,0.2,0.25,3.6,6.2,0.588,0.582,0.8,1.3,0.594,2.1,1.5,3.7,1.8,0,0.5,1.3,2,8.2,5000000
242,Rodney Hood,SF,29,MIL,39,0,14.9,1.2,3.4,0.351,0.6,2.1,0.3,0.6,1.3,0.431,0.443,0.3,0.4,0.929,0.3,1.4,1.7,0.8,0.3,0.1,0.2,0.7,3.3,2239544
361,Rodney McGruder,SG,30,DET,28,1,13.3,1.6,3.7,0.437,0.9,2.2,0.393,0.8,1.5,0.5,0.553,0.4,0.5,0.714,0.6,1.5,2,0.8,0.4,0.1,0.4,1,4.4,1939350
316,Romeo Langford,SG,22,BOS,43,5,16.7,1.8,4.3,0.432,0.7,1.9,0.354,1.2,2.3,0.495,0.511,0.5,0.7,0.625,0.7,1.7,2.4,0.4,0.5,0.4,0.3,1,4.8,3804360
410,Royce O'Neale,SF,28,UTA,49,49,31.4,2.7,5.4,0.494,1.4,3.6,0.406,1.2,1.9,0.663,0.627,0.7,0.9,0.786,0.8,4.2,5,2.5,1.3,0.5,0.9,2.4,7.5,8678571
182,Rudy Gay,PF,35,UTA,35,1,20,3.1,7.3,0.418,1.4,4.1,0.34,1.7,3.2,0.518,0.514,1.4,1.8,0.79,1,3.6,4.6,1.1,0.6,0.3,0.9,1.9,8.9,5890000
189,Rudy Gobert,C,29,UTA,42,42,32.5,5.6,8,0.707,0,0,0,5.6,7.9,0.712,0.707,4.7,6.8,0.69,3.7,11.4,15.1,1.2,0.8,2.3,1.8,2.7,16,35344828
207,Rui Hachimura,PF,23,WAS,13,0,17.2,2.8,6.5,0.44,0.7,2,0.346,2.2,4.5,0.483,0.494,1.2,1.5,0.75,0.3,3.4,3.7,0.9,0.2,0.2,0.6,0.9,7.5,4916160
320,Saben Lee,PG,22,DET,27,0,14.9,1.7,4.5,0.38,0.4,1.6,0.273,1.3,2.9,0.442,0.43,1.2,1.6,0.767,0.4,2.1,2.4,2.4,0.9,0.4,0.9,0.9,5.1,1489065
46,Saddiq Bey,SF,22,DET,53,53,33.5,5.4,14,0.386,2.5,7.4,0.341,2.9,6.7,0.435,0.475,2.4,2.9,0.827,1.4,4.4,5.8,2.7,0.9,0.2,1.3,1.7,15.8,2824320
130,Sam Dekker,PF,27,TOR,1,0,1,0,0,,0,0,,0,0,,,0,0,,0,0,0,0,0,0,0,0,0,350000
223,Sam Hauser,SF,24,BOS,10,0,4.1,0.4,1.4,0.286,0.4,1.4,0.286,0,0,,0.429,0,0,,0.1,0.5,0.6,0.1,0.1,0.1,0,0.4,1.2,NA
367,Sam Merrill,SG,25,MEM,6,0,9.7,1.3,4,0.333,1.2,3.8,0.304,0.2,0.2,1,0.479,0.3,0.7,0.5,0.2,1,1.2,0.7,0,0,0.3,0.5,4.2,663024
337,Sandro Mamukelashvili,PF,22,MIL,29,2,10.1,1.2,2.8,0.439,0.5,1.3,0.385,0.7,1.5,0.488,0.53,0.3,0.4,0.75,0.9,1,1.9,0.6,0.2,0.2,0.3,0.6,3.3,NA
4,Santi Aldama,PF,21,MEM,27,0,10.3,1.4,3.6,0.381,0.1,1.4,0.103,1.2,2.1,0.569,0.402,0.4,0.7,0.6,0.9,1.5,2.4,0.5,0.1,0.3,0.3,1,3.3,1994520
31,Scottie Barnes,PF,20,TOR,43,43,36.2,5.9,12.4,0.474,0.9,2.7,0.316,5,9.7,0.518,0.508,2.1,2.9,0.722,2.7,5.1,7.8,3.4,1,0.9,2,2.8,14.7,7280520
324,Scottie Lewis,SG,21,CHO,2,0,3.5,0,0,,0,0,,0,0,,,0.5,1,0.5,0,0,0,0.5,0.5,0,0,0,0.5,NA
243,Scotty Hopson,SG,32,OKC,1,0,18,2,4,0.5,0,1,0,2,3,0.667,0.5,0,0,,0,1,1,1,0,0,2,1,4,NA
144,Sekou Doumbouya,PF,21,LAL,2,0,8,2.5,4,0.625,0.5,1,0.5,2,3,0.667,0.688,1.5,2,0.75,1,2,3,0,1.5,1,1,0.5,7,0
411,Semi Ojeleye,PF,27,MIL,20,0,15.4,0.9,3.5,0.257,0.6,2.1,0.268,0.4,1.5,0.241,0.336,0.5,0.7,0.769,1.3,1.7,2.9,0.3,0.3,0.3,0.3,1.3,2.9,1789256
255,Serge Ibaka,C,32,LAC,35,10,15.4,2.7,5.5,0.49,0.7,1.8,0.387,2,3.7,0.538,0.552,0.6,0.8,0.69,1.1,3.1,4.3,1,0.2,0.7,0.9,1.6,6.6,9742000
123,Seth Curry,SG,31,PHI,44,44,35,5.8,11.8,0.491,2.3,5.5,0.406,3.5,6.3,0.567,0.587,1.5,1.7,0.877,0.4,3,3.3,4.1,0.8,0.2,1.9,2.2,15.3,8186047
186,Shai Gilgeous-Alexander,PG,23,OKC,43,43,34.6,7.8,18.3,0.424,1.6,5.6,0.278,6.2,12.7,0.488,0.466,5.6,6.9,0.811,0.7,4,4.7,5.5,1.1,0.8,2.4,2.3,22.7,5495532
373,Shake Milton,PG,25,PHI,27,6,24.7,4,9.4,0.429,0.9,2.9,0.316,3.1,6.5,0.48,0.478,1.5,1.8,0.854,0.5,2.5,3,2.8,0.7,0.4,1.1,2.1,10.5,1846738
81,Shaq Buchanan,PG,25,MEM,2,0,5,0.5,2,0.25,0,1,0,0.5,1,0.5,0.25,0,0,,0.5,0.5,1,1,0.5,0,1,0.5,1,NA
219,Shaquille Harrison,SG,28,BRK,2,0,11.5,1,3,0.333,0,1,0,1,2,0.5,0.333,0,0,,0.5,1.5,2,1.5,0.5,0.5,1,1.5,2,NA
114,Sharife Cooper,PG,20,ATL,10,0,3.5,0.3,1.4,0.214,0.1,0.6,0.167,0.2,0.8,0.25,0.25,0,0,,0,0.5,0.5,0.5,0,0,0.5,0.1,0.7,NA
351,Skylar Mays,SG,24,ATL,20,5,9.6,1.6,3,0.517,0.4,1.3,0.32,1.2,1.8,0.657,0.583,0.4,0.5,0.889,0.3,1,1.3,0.8,0.4,0,0.4,0.4,3.9,NA
235,Solomon Hill,PF,30,ATL,13,1,10.7,0.2,1.5,0.15,0.2,1,0.154,0.1,0.5,0.143,0.2,0,0,,0.5,1.3,1.8,0.9,0.3,0.2,0.1,1.2,0.6,2389641
137,Spencer Dinwiddie,PG,28,WAS,43,43,30.3,4.3,11.3,0.377,1.6,5.2,0.311,2.6,6.1,0.433,0.449,2.7,3.3,0.811,0.8,3.9,4.7,5.8,0.6,0.2,1.7,2.5,12.8,17142857
281,Stanley Johnson,PF,25,LAL,20,12,22.1,2.3,4.8,0.474,0.7,2.2,0.318,1.6,2.6,0.608,0.547,0.8,1.1,0.727,0.6,2.5,3.1,1.3,0.8,0.5,0.6,2.9,6,888616
124,Stephen Curry,PG,33,GSW,48,48,34.7,8.4,19.9,0.421,4.8,12.5,0.381,3.6,7.4,0.49,0.541,4.4,4.8,0.913,0.6,4.8,5.4,6.3,1.5,0.4,3.3,2,25.9,45780966
77,Sterling Brown,SG,26,DAL,36,3,14.3,1.4,3.6,0.398,0.8,2.2,0.342,0.7,1.4,0.49,0.504,0.3,0.3,0.909,0.6,2.9,3.5,0.8,0.3,0.1,0.6,1.2,3.9,3000000
2,Steven Adams,C,28,MEM,51,50,26.2,2.6,4.9,0.526,0,0,,2.6,4.9,0.526,0.526,1.5,2.6,0.573,4.4,5.1,9.5,3.1,0.9,0.6,1.6,1.8,6.6,17073171
394,Svi Mykhailiuk,SF,24,TOR,39,5,16.5,2.1,5.2,0.404,0.9,2.9,0.31,1.2,2.3,0.522,0.49,0.7,0.8,0.844,0.5,1.7,2.2,1,0.6,0.1,0.7,1.2,5.8,1729217
355,T.J. McConnell,PG,29,IND,24,6,24.2,3.8,7.5,0.503,0.3,1,0.28,3.5,6.5,0.538,0.522,0.5,0.6,0.8,0.8,2.5,3.3,4.8,1,0.4,1.2,1.8,8.4,7500000
161,Tacko Fall,C,26,CLE,11,1,5.4,0.5,1.1,0.417,0,0,,0.5,1.1,0.417,0.417,0.2,0.6,0.286,0.6,1.5,2.1,0.2,0,0.5,0.3,0.3,1.1,NA
184,Taj Gibson,C,36,NYK,34,3,17.6,1.3,2.6,0.494,0.1,0.4,0.267,1.2,2.2,0.541,0.517,0.7,0.9,0.742,1.5,2.7,4.3,0.6,0.4,0.8,0.6,2.6,3.4,4910000
245,Talen Horton-Tucker,SG,21,LAL,38,15,25.7,3.6,8.9,0.406,0.7,2.9,0.25,2.9,6,0.482,0.447,1.5,1.9,0.792,0.6,2.6,3.2,2.5,0.9,0.4,1.4,2.4,9.5,9500000
452,Taurean Prince,PF,27,MIN,42,8,15.5,2,4.5,0.455,1.1,2.7,0.391,1,1.8,0.554,0.574,0.7,0.9,0.757,0.4,2,2.4,0.9,0.5,0.2,0.7,1.4,5.8,15057692
338,Terance Mann,SF,25,LAC,54,20,28.6,3.8,8.1,0.474,1,2.7,0.358,2.9,5.4,0.533,0.534,1.3,1.7,0.758,1.3,3.7,5.1,2.3,0.6,0.1,1,2.2,9.9,1782621
127,Terence Davis,SG,24,SAC,30,11,17.9,3.8,8.9,0.423,1.6,5,0.329,2.1,3.9,0.542,0.515,1.2,1.5,0.818,0.4,2.8,3.1,1.3,0.8,0.4,1.1,2.3,10.4,4000000
13,Thanasis Antetokounmpo,SF,29,MIL,32,5,10.8,1.2,2.6,0.458,0,0.3,0.091,1.2,2.3,0.514,0.464,0.5,0.8,0.625,0.9,1.5,2.4,0.6,0.4,0.3,0.6,1.8,2.9,1729217
336,Théo Maledon,PG,20,OKC,26,0,13.3,1,3.5,0.297,0.3,1.8,0.188,0.7,1.7,0.419,0.346,1,1.2,0.844,0.3,1.3,1.6,1,0.4,0.1,0.8,1,3.5,NA
436,Theo Pinson,SF,26,DAL,15,0,7.4,0.6,2,0.3,0.4,1.5,0.261,0.2,0.5,0.429,0.4,0.3,0.3,1,0.1,1.2,1.3,0.9,0.3,0.1,0.1,0.6,1.9,NA
80,Thomas Bryant,C,24,WAS,10,3,15.5,2.5,5.7,0.439,0.7,1.9,0.368,1.8,3.8,0.474,0.5,1.1,1.5,0.733,1,2.2,3.2,0.6,0.3,0.5,0.5,1.6,6.8,8730159
172,Tim Frazier,PG,31,ORL,10,3,20,1.3,4.3,0.302,0.6,1.7,0.353,0.7,2.6,0.269,0.372,0.5,0.9,0.556,0.5,1.4,1.9,3.3,0.3,0.1,1.3,2.4,3.7,NA
211,Tim Hardaway Jr.,SG,29,DAL,42,20,29.6,5,12.6,0.394,2.4,7.2,0.336,2.5,5.4,0.473,0.491,1.9,2.5,0.757,0.3,3.4,3.7,2.2,0.9,0.1,0.8,1.8,14.2,21306816
334,Timothé Luwawu-Cabarrot,SF,26,ATL,33,12,13.2,1.4,3.6,0.395,0.9,2.5,0.361,0.5,1.1,0.472,0.521,0.5,0.6,0.85,0.2,1.2,1.4,0.8,0.3,0.1,0.4,1.4,4.3,NA
218,Tobias Harris,PF,29,PHI,44,44,35.3,7.3,15.1,0.482,1.2,3.5,0.342,6.1,11.7,0.523,0.521,3.1,3.7,0.851,1.1,6.2,7.3,3.8,0.7,0.6,1.8,2,18.9,36000000
63,Tony Bradley,C,24,CHI,39,7,11.6,1.5,2.6,0.58,0,0,,1.5,2.6,0.58,0.58,0.3,0.4,0.765,1.4,2.6,3.9,0.5,0.2,0.7,0.7,1.3,3.3,1789256
118,Torrey Craig,SF,31,IND,50,13,20.1,2.5,5.4,0.46,0.9,2.7,0.341,1.6,2.7,0.577,0.544,0.5,0.7,0.765,1.2,2.6,3.7,1.1,0.4,0.4,0.8,1.9,6.4,4878049
425,Trayvon Palmer,SG,27,DET,1,0,17,0,1,0,0,0,,0,1,0,0,0,0,,0,2,2,0,0,0,1,2,0,NA
291,Tre Jones,PG,22,SAS,43,4,13.4,2,4,0.5,0.1,0.4,0.158,1.9,3.5,0.543,0.509,0.8,0.9,0.895,0.4,1.4,1.8,2.3,0.4,0,0.6,0.9,4.8,1517981
339,Tre Mann,PG,20,OKC,39,7,18.9,3,7.7,0.388,1.3,3.5,0.368,1.7,4.2,0.405,0.472,0.8,1.1,0.721,0.3,1.8,2.1,0.9,0.7,0.2,0.8,1.7,8,2901240
169,Trent Forrest,PG,23,UTA,41,4,11.5,1.1,2,0.568,0.1,0.3,0.273,1,1.7,0.614,0.586,0.6,0.8,0.774,0.3,1.2,1.6,1.4,0.4,0.1,0.8,0.7,2.9,NA
17,Trevor Ariza,SF,36,LAL,16,6,19.4,1.3,3.8,0.333,1,3.1,0.32,0.3,0.6,0.4,0.467,0.4,0.6,0.7,0.3,3.1,3.4,1.3,0.4,0.3,0.5,0.8,3.9,2641691
83,Trey Burke,PG,29,DAL,29,0,10.8,2.2,5.3,0.412,0.7,2.1,0.317,1.5,3.2,0.473,0.474,0.6,0.6,0.941,0.1,0.8,0.9,1.5,0.3,0,0.6,1,5.6,3333333
335,Trey Lyles,PF,26,DET,50,3,19.4,3.4,7.5,0.452,0.9,2.9,0.306,2.5,4.6,0.543,0.511,2.7,3.5,0.786,1.2,3.6,4.8,1.1,0.4,0.5,1.1,1.8,10.4,2500000
391,Trey Murphy III,SF,21,NOP,39,0,12.7,1.2,3.6,0.338,0.9,2.6,0.34,0.3,1,0.333,0.461,0.5,0.6,0.87,0.7,1.5,2.2,0.5,0.3,0.1,0.3,0.9,3.9,3053760
78,Troy Brown Jr.,SF,22,CHI,42,5,17.4,1.8,4.3,0.428,0.7,2.1,0.333,1.1,2.2,0.516,0.508,0.5,0.6,0.76,0.6,2.6,3.3,1.1,0.5,0.1,0.5,1.1,4.8,5170564
270,Ty Jerome,SG,24,OKC,43,4,16.1,2.6,6.7,0.395,1.1,3.7,0.297,1.5,3,0.516,0.477,0.8,1,0.833,0.4,1.2,1.5,2.1,0.6,0.1,0.8,1.5,7.2,2412840
113,Tyler Cook,PF,24,CHI,17,2,11.2,1.3,2.1,0.611,0,0,,1.3,2.1,0.611,0.611,1.2,1.8,0.645,0.9,2.1,3,0.2,0.2,0.2,0.4,1.4,3.8,NA
209,Tyler Hall,SG,24,NYK,1,0,2,0,0,,0,0,,0,0,,,0,0,,0,0,0,0,0,0,0,0,0,NA
230,Tyler Herro,SG,22,MIA,45,10,32.9,7.5,17.4,0.428,2.6,6.8,0.378,4.9,10.6,0.46,0.502,2.6,3,0.873,0.6,4.2,4.8,4,0.6,0.2,2.8,1.5,20.1,4004280
282,Tyler Johnson,PG,29,TOT,6,0,15.2,1,3.3,0.3,0.8,2.2,0.385,0.2,1.2,0.143,0.425,0,0,,0.5,1.5,2,1.2,0.5,0.5,0.3,1.2,2.8,NA
282,Tyler Johnson,PG,29,PHI,3,0,12.7,1.3,3.3,0.4,1,2.3,0.429,0.3,1,0.333,0.55,0,0,,0.3,1.7,2,0.7,0.3,0.3,0.3,1.3,3.7,NA
282,Tyler Johnson,PG,29,SAS,3,0,17.7,0.7,3.3,0.2,0.7,2,0.333,0,1.3,0,0.3,0,0,,0.7,1.3,2,1.7,0.7,0.7,0.3,1,2,NA
208,Tyrese Haliburton,SG,21,SAC,51,51,34.5,5.3,11.5,0.457,2,4.9,0.413,3.2,6.5,0.491,0.546,1.7,2,0.837,0.8,3.1,3.9,7.4,1.7,0.7,2.3,1.4,14.3,4023600
350,Tyrese Maxey,PG,21,PHI,46,45,35.8,6.4,13.5,0.475,1.4,3.5,0.407,5,9.9,0.499,0.528,2.7,3.1,0.867,0.4,3.2,3.5,4.8,0.7,0.6,1.2,2.1,16.9,2602920
292,Tyus Jones,PG,25,MEM,48,13,20.7,3.2,6.9,0.468,0.9,2.5,0.373,2.3,4.4,0.521,0.535,0.7,0.8,0.875,0.3,2.3,2.6,4.1,0.9,0,0.7,0.4,8.1,7522200
22,Udoka Azubuike,C,22,UTA,11,3,9.3,1.4,2.2,0.625,0,0,,1.4,2.2,0.625,0.625,0.2,0.5,0.4,0.6,2.4,3,0,0.1,0.5,0.6,0.9,2.9,2075880
222,Udonis Haslem,C,41,MIA,9,0,6.3,1.2,2.4,0.5,0.1,0.2,0.5,1.1,2.2,0.5,0.523,0.3,0.3,1,0.4,1.6,2,0.3,0.1,0.1,0.3,1.2,2.9,2641691
180,Usman Garuba,PF,19,HOU,15,0,7,0.5,1.6,0.333,0.1,0.9,0.154,0.4,0.7,0.545,0.375,0.1,0.1,0.5,0.6,1.7,2.3,0.5,0.5,0.4,0.2,0.6,1.3,2353320
92,Vernon Carey Jr.,C,20,CHO,4,1,4.3,0.8,1.5,0.5,0,0,,0.8,1.5,0.5,0.5,0.5,0.8,0.667,0.8,0.5,1.3,0,0.3,0,0.3,0.3,2,1517981
309,Vit Krejci,SG,21,OKC,3,0,3,0,0.7,0,0,0.7,0,0,0,,0,0.7,0.7,1,0,1,1,0,0,0,0.3,0,0.7,925258
90,Vlatko ?an?ar,PF,24,DEN,14,1,10.9,1.6,2.8,0.564,0.5,0.9,0.583,1.1,1.9,0.556,0.654,0.6,0.9,0.75,0.4,1.2,1.6,0.9,0.1,0.2,0.6,0.9,4.3,NA
157,Wayne Ellington,SG,34,LAL,33,9,19.5,2.1,5.4,0.395,1.9,4.8,0.388,0.2,0.5,0.471,0.571,0.1,0.2,0.8,0.2,1.5,1.7,0.7,0.5,0.1,0.5,1,6.2,2641691
94,Wendell Carter Jr.,C,22,ORL,46,45,29.3,5.1,10.3,0.5,1.2,3.6,0.323,4,6.7,0.594,0.556,2.2,3.1,0.711,2.1,8.2,10.2,2.6,0.7,0.7,1.7,2.7,13.6,6920027
174,Wenyen Gabriel,PF,24,TOT,7,0,6.7,0.7,1.9,0.385,0.3,0.7,0.4,0.4,1.1,0.375,0.462,0.3,0.6,0.5,0.7,1.4,2.1,0.3,0.1,0.3,0.4,1.6,2,NA
174,Wenyen Gabriel,PF,24,BRK,1,0,1,0,0,,0,0,,0,0,,,0,0,,0,1,1,0,0,0,0,0,0,NA
174,Wenyen Gabriel,PF,24,LAC,6,0,7.7,0.8,2.2,0.385,0.3,0.8,0.4,0.5,1.3,0.375,0.462,0.3,0.7,0.5,0.8,1.5,2.3,0.3,0.2,0.3,0.5,1.8,2.3,NA
260,Wes Iwundu,SF,27,ATL,3,1,27.3,2.7,6,0.444,1,1.7,0.6,1.7,4.3,0.385,0.528,1,1.3,0.75,1,3.3,4.3,0,0.3,0,0.3,2.7,7.3,NA
349,Wesley Matthews,SG,35,MIL,26,6,19.6,2,4.8,0.419,1.2,3.4,0.348,0.8,1.3,0.6,0.544,0.2,0.4,0.6,0.6,1.4,2,0.7,0.5,0.2,0.4,1.9,5.4,1958501
33,Will Barton,SG,31,DEN,46,46,32.5,5.9,13.4,0.44,2.3,6.2,0.369,3.6,7.2,0.502,0.526,1.4,1.8,0.778,0.7,4.3,4.9,4.1,0.9,0.5,1.9,1.5,15.5,15384615
96,Willie Cauley-Stein,C,28,DAL,18,2,9.8,0.9,1.9,0.457,0.1,0.1,0.5,0.8,1.8,0.455,0.471,0.1,0.1,0.5,0.7,1.4,2.1,0.5,0.3,0.2,0.4,0.9,1.9,NA
229,Willy Hernangómez,C,27,NOP,28,6,16.7,3.5,6.5,0.536,0.1,0.3,0.429,3.4,6.3,0.54,0.544,2.1,2.8,0.753,2.8,4.3,7.1,1.3,0.4,0.3,1,1.9,9.2,NA
380,Xavier Moon,SG,27,LAC,6,0,13.8,2.3,5.7,0.412,0.5,1.7,0.3,1.8,4,0.458,0.456,0.3,0.5,0.667,0.2,1.3,1.5,1.7,0.8,0.2,0.5,0.7,5.5,NA
440,Yves Pons,SF,22,MEM,7,0,3.1,0.1,0.4,0.333,0.1,0.1,1,0,0.3,0,0.5,0,0.3,0,0.3,0.4,0.7,0,0,0,0,0.3,0.4,NA
109,Zach Collins,PF,24,SAS,1,0,13,4,7,0.571,1,1,1,3,6,0.5,0.643,1,2,0.5,4,3,7,3,2,0,2,2,10,6984127
317,Zach LaVine,SF,26,CHI,44,44,34.3,8.8,18.2,0.486,2.8,7.2,0.397,6,11,0.543,0.564,4.1,4.8,0.871,0.3,4.5,4.8,4.3,0.7,0.4,2.8,1.7,24.7,19500000
403,Zeke Nnaji,PF,21,DEN,37,1,16.2,2.4,4.4,0.547,1,1.9,0.522,1.4,2.5,0.565,0.658,1,1.6,0.627,1.4,2.2,3.6,0.4,0.3,0.3,0.5,1.9,6.7,2498760
99,Zylan Cheatham,SF,26,UTA,1,0,5,0,3,0,0,2,0,0,1,0,0,0,0,,0,0,0,0,0,0,0,0,0,NA
